,year,selling_price,km_driven
0,2007,60000,70000
1,2007,135000,50000
2,2012,600000,100000
3,2017,250000,46000
4,2014,450000,141000
5,2007,140000,125000
6,2016,550000,25000
7,2014,240000,60000
8,2015,850000,25000
9,2017,365000,78000
10,2015,260000,35000
11,2014,250000,100000
12,2018,1650000,25000
13,2007,60000,70000
14,2007,135000,50000
15,2012,600000,100000
16,2017,250000,46000
17,2014,450000,141000
18,2007,140000,125000
19,2016,550000,25000
20,2014,240000,60000
21,2015,850000,25000
22,2017,365000,78000
23,2015,260000,35000
24,2014,250000,100000
25,2018,1650000,25000
26,2015,585000,24000
27,2019,1195000,5000
28,2013,390000,33000
29,2014,1964999,28000
30,2013,1425000,59000
31,2018,975000,4500
32,2011,1190000,175900
33,2018,930000,14500
34,2018,525000,15000
35,2013,1735000,50000
36,2012,1375000,33800
37,2011,450000,130400
38,2016,900000,50000
39,2015,1300000,80000
40,2019,1400000,10000
41,2010,850000,119000
42,2014,229999,60000
43,2013,1550000,75800
44,2009,1250000,78000
45,2012,625000,40000
46,2014,1050000,50000
47,2014,560000,74000
48,2014,290000,64000
49,2012,275000,60000
50,2009,411000,120000
51,2009,150000,79000
52,2019,500000,15000
53,2006,100000,80000
54,2017,725000,18500
55,2018,401000,10200
56,2018,750000,29000
57,2018,310000,28000
58,2016,665000,46000
59,2014,465000,70000
60,2012,160000,60000
61,1996,250000,35000
62,2014,675000,90000
63,2013,300000,80000
64,2005,70000,80000
65,2014,240000,73300
66,2014,525000,92000
67,2009,151000,66764
68,2009,140000,100000
69,2010,280000,350000
70,2011,350000,230000
71,2017,570000,60000
72,2018,300000,31000
73,2007,100000,39000
74,2009,500000,120000
75,2014,125000,166000
76,2006,130000,110000
77,2017,925000,35000
78,2018,750000,60000
79,2007,200000,54000
80,2010,248000,63000
81,2014,450000,120000
82,2005,80000,120000
83,2014,650000,76000
84,2015,450000,80000
85,2019,650000,25000
86,2016,495000,11958
87,2015,371000,20000
88,2017,1025000,9000
89,2017,8150000,6500
90,2015,750000,70000
91,2013,600000,120000
92,2007,80000,58000
93,2013,325000,62200
94,2014,1470000,34000
95,2015,350000,53000
96,2013,2800000,49000
97,2017,210000,15000
98,2013,450000,50000
99,2013,1150000,53000
100,2009,210000,63500
101,2018,4500000,9800
102,2017,2750000,13000
103,2018,1975000,21000
104,2008,175000,29173
105,2012,2500000,48000
106,2017,628000,120000
107,2010,600000,100000
108,2017,399000,30000
109,2018,750000,87000
110,2019,750000,15000
111,2017,315000,16000
112,2012,600000,60000
113,2010,100000,60000
114,2011,250000,110000
115,2017,350000,25000
116,2016,780000,60000
117,2014,434000,79350
118,2016,690000,80000
119,2014,555000,90000
120,2007,120000,90000
121,2014,500000,120000
122,2013,165000,60000
123,2004,95000,50000
124,2018,550000,20000
125,2007,100000,110000
126,2012,100000,50000
127,2012,500000,100000
128,2016,800000,70000
129,2016,840000,70000
130,2016,490000,50000
131,2010,125000,81000
132,2012,400000,120000
133,2015,1000000,3600
134,2015,530000,14272
135,2017,840000,49213
136,2015,229999,40000
137,1998,40000,40000
138,2012,130000,80000
139,2015,200000,70000
140,2011,120000,70000
141,2003,75000,57000
142,2016,250000,120000
143,2005,100000,30000
144,2013,280000,3240
145,2015,540000,5000
146,2018,700000,10000
147,2015,525000,100000
148,2016,430000,80000
149,2002,65000,70000
150,2018,800000,35000
151,2007,75000,114000
152,2008,210000,53772
153,2012,195000,140000
154,2015,400000,120000
155,2012,170000,60000
156,2016,225000,25000
157,2014,210000,90000
158,2020,240000,120000
159,2015,300000,175000
160,2011,99000,100000
161,2014,620000,36000
162,2013,500000,30000
163,2010,2550000,40000
164,2013,260000,70000
165,2017,550000,60000
166,2011,150000,155500
167,2011,350000,50000
168,2016,320000,40000
169,2015,400000,100000
170,2012,175000,80000
171,2011,120000,90000
172,2013,320000,90000
173,2006,70000,110000
174,2019,810000,15000
175,2007,95000,100000
176,2020,282000,40000
177,2004,80000,60000
178,2013,72000,25000
179,2016,600000,25000
180,2015,640000,23000
181,2018,380000,22155
182,2018,650000,70000
183,2009,150000,60000
184,2009,280000,110000
185,2018,430000,30000
186,2019,800000,15000
187,2003,75000,100000
188,2016,650000,70000
189,2017,390000,24000
190,2005,100000,120000
191,2013,1500000,35000
192,2007,175000,78380
193,2012,434999,110000
194,2010,170000,90000
195,2011,190000,90000
196,2009,250000,150000
197,2009,229999,230000
198,2006,140000,70000
199,2017,600000,80362
200,2012,280000,110000
201,2012,150000,60000
202,2015,650000,50000
203,2014,210000,40000
204,2017,2900000,40000
205,2013,425000,20000
206,2014,265000,55000
207,2018,890000,1136
208,2013,365000,55000
209,2014,350000,43000
210,2016,685000,60000
211,2018,940000,2650
212,2017,1000000,40000
213,2019,1150000,15000
214,2016,450000,115962
215,2015,590000,65000
216,2017,800000,40000
217,2012,385000,58000
218,2013,2000000,15000
219,2012,235000,54000
220,2017,640000,56000
221,2006,52000,120000
222,2009,80000,90000
223,2012,140000,70000
224,2008,120000,90000
225,2008,89999,213000
226,2012,180000,120000
227,2017,1500000,20000
228,2017,700000,10000
229,2012,285000,80000
230,2015,390000,90000
231,2008,125000,80000
232,2008,225000,60000
233,2011,175000,139000
234,2011,1075000,160000
235,2014,300000,150000
236,2010,700000,163000
237,2009,90000,120000
238,2011,120000,120000
239,2012,220000,100000
240,2015,300000,140000
241,2010,180000,87000
242,2013,170000,70000
243,2015,300000,50000
244,2014,1050000,70000
245,2014,300000,150000
246,2018,465000,25000
247,2011,130000,80000
248,2018,434999,10000
249,2018,500000,32000
250,2018,200000,10000
251,2017,625000,52000
252,2006,110000,120000
253,2019,800000,11240
254,2017,490000,66000
255,2017,880000,64000
256,2013,290000,49000
257,2006,115999,100000
258,2018,360000,26500
259,2002,65000,100000
260,2017,685000,72000
261,2009,300000,50000
262,2017,680000,44000
263,2017,1000000,60000
264,2002,100000,120000
265,2010,160000,130000
266,2017,450000,70000
267,2014,600000,20000
268,2009,180000,60000
269,2007,100000,195000
270,2010,120000,90000
271,2006,130000,80000
272,2011,160000,155000
273,2019,860000,35000
274,2018,650000,20000
275,2010,100000,80000
276,2017,282000,20000
277,2009,300000,50000
278,2010,270000,110000
279,2013,550000,29000
280,2013,450000,120000
281,2011,430000,70000
282,2013,350000,40000
283,2017,350000,20000
284,2013,229999,50000
285,2013,110000,50000
286,2012,395000,49000
287,2011,650000,70000
288,2011,350000,90000
289,2020,1400000,25000
290,2018,360000,4000
291,2018,1300000,10000
292,2015,800000,15000
293,2018,229999,30000
294,2014,315000,41000
295,2012,125000,28000
296,2019,700000,16000
297,2015,160000,70000
298,2017,530000,10832
299,2018,624000,14681
300,2009,250000,50000
301,2016,585000,51000
302,2015,500000,25000
303,2014,350000,30000
304,2014,495000,80000
305,2017,500000,50000
306,2015,430000,200000
307,2013,345000,44000
308,2015,500000,10000
309,2019,425000,19600
310,2005,80000,40000
311,2011,106000,50000
312,2009,180000,46730
313,2015,250000,40000
314,2011,350000,80000
315,2002,60000,80000
316,2018,900000,24000
317,2017,700000,21170
318,2013,2000000,167223
319,2017,1000000,40000
320,2011,1375000,60000
321,2016,1800000,141440
322,2007,160000,120000
323,2012,525000,140000
324,2012,850000,212814
325,2019,800000,30000
326,2017,700000,88635
327,2018,800000,25000
328,2017,575000,20000
329,2012,350000,110000
330,2008,250000,120000
331,2011,600000,149674
332,2007,370000,100000
333,2006,80000,120000
334,2003,50000,120000
335,2018,900000,25000
336,2014,300000,35000
337,2002,125000,40000
338,2015,490000,60000
339,2012,300000,50000
340,2013,55000,25000
341,2016,350000,25000
342,2019,755000,8000
343,2017,720000,60000
344,2006,229999,200000
345,2018,1100000,20000
346,2013,400000,100000
347,2015,350000,70000
348,2012,159000,68000
349,2017,550000,38000
350,2013,335000,80000
351,2014,185000,72000
352,2012,229999,75000
353,2014,225000,43000
354,2007,250000,120000
355,2015,400000,100000
356,2014,470000,163000
357,2018,300000,25000
358,2011,145000,25000
359,2007,100000,90000
360,2014,500000,70000
361,2010,130000,98000
362,2010,240000,81925
363,2013,150000,80000
364,2017,270000,40000
365,2014,400000,90000
366,2012,200000,46000
367,2012,550000,80000
368,2018,325000,35000
369,2017,860000,82080
370,2012,600000,200000
371,2009,125000,70000
372,2000,60000,40000
373,2010,300000,120000
374,2007,190000,60000
375,2013,400000,110000
376,2011,260000,97000
377,2017,400000,30000
378,2010,250000,40000
379,2019,600000,10000
380,2010,175000,52047
381,2011,450000,200000
382,2019,350000,15000
383,2018,800000,50000
384,2011,250000,70000
385,2019,600000,10000
386,2017,600000,90000
387,2016,130000,40000
388,2006,90000,62009
389,2017,595000,33100
390,2014,190000,40000
391,1999,50000,120000
392,2007,95000,80000
393,2016,1000000,70000
394,2006,220000,220000
395,2010,400000,50000
396,2015,315000,45000
397,2014,1000000,110000
398,2014,500000,49000
399,2018,1600000,35000
400,2017,500000,160000
401,2007,70000,180000
402,2007,105000,60000
403,2008,400000,110000
404,2004,80000,60000
405,2016,300000,30000
406,2017,409999,40000
407,2009,250000,70000
408,2010,250000,120000
409,2012,215000,80000
410,2015,1400000,120000
411,2018,475000,20000
412,2018,475000,22000
413,2008,75000,35000
414,2013,200000,120000
415,2019,575000,8000
416,2011,150000,40000
417,2018,850000,10000
418,2019,350000,30000
419,2011,550000,54000
420,2017,330000,80577
421,2017,1044999,25000
422,2011,300000,127500
423,2015,235000,40903
424,2011,120000,60000
425,2004,130000,46000
426,2004,275000,22288
427,2011,270000,180000
428,2015,500000,30000
429,2015,400000,61690
430,2015,600000,64484
431,2012,1350000,90000
432,2013,400000,75976
433,2011,220000,70000
434,2012,300000,85962
435,2018,250000,120000
436,2015,600000,120000
437,2012,285000,75000
438,2009,350000,57035
439,2011,170000,70000
440,2015,229999,45000
441,2013,500000,72104
442,2011,75000,15000
443,2016,600000,30000
444,2011,220000,80000
445,2009,150000,164000
446,2006,65000,124439
447,2006,120000,77000
448,2014,240000,90000
449,2017,390000,30000
450,2012,180000,50000
451,2012,320000,80000
452,2018,310000,5000
453,2018,420000,24000
454,2019,550000,10000
455,2016,550000,78000
456,2018,760000,50000
457,2001,43000,100000
458,2018,250000,20000
459,2019,500000,1250
460,2015,380000,17152
461,2019,1850000,5000
462,2012,350000,77000
463,2008,195000,90000
464,2011,225000,80000
465,2015,1125000,65000
466,2011,133000,80000
467,2013,200000,24005
468,2018,940000,20000
469,2014,400000,120000
470,2009,120000,120000
471,2015,625000,80000
472,2005,110000,80000
473,2012,490000,100000
474,2009,140000,120000
475,2011,175000,149000
476,2005,90000,65000
477,2009,275000,100000
478,2011,300000,65000
479,2018,270000,19000
480,2010,130000,80000
481,2015,275000,30000
482,2012,352000,109000
483,2012,180000,90000
484,2012,150000,90000
485,2011,300000,65000
486,2010,300000,110000
487,2007,225000,120000
488,2014,600000,44000
489,2015,500000,80000
490,2018,900000,5000
491,2016,600000,61000
492,2011,450000,100000
493,2009,270000,27633
494,2010,310000,100000
495,2012,250000,100000
496,2019,700000,12586
497,2018,650000,38083
498,2012,400000,55328
499,2012,425000,81632
500,2016,600000,155201
501,2013,600000,93283
502,2009,300000,217871
503,2012,450000,90165
504,2014,750000,101504
505,2010,325000,86017
506,2013,900000,85036
507,2006,180000,91086
508,2013,350000,160254
509,2013,600000,125531
510,2019,900000,60000
511,2006,350000,100000
512,2013,280000,90000
513,2009,225000,120000
514,2014,520000,82000
515,2016,509999,60000
516,2019,556000,24000
517,2014,225000,120000
518,2013,325000,65000
519,2013,365000,65000
520,2015,850000,84000
521,2013,350000,75000
522,2007,225000,50000
523,2011,135000,50000
524,2007,140000,49000
525,2016,665000,560000
526,2015,275000,14365
527,2017,2750000,41000
528,2013,484999,65000
529,2015,565000,65000
530,2013,425000,61083
531,2013,925000,75000
532,2012,565000,72000
533,2014,525000,65000
534,2017,1650000,55000
535,2015,295000,21000
536,2012,2050000,66363
537,2018,1475000,11700
538,2017,1100000,10000
539,2014,4400000,100000
540,2016,670000,7104
541,2015,750000,45974
542,2015,760000,55340
543,2017,850000,20000
544,2015,390000,61585
545,2016,450000,39415
546,2014,425000,29654
547,2016,770000,64672
548,2015,1150000,54634
549,2015,775000,66521
550,2018,1725000,23974
551,2016,2150000,43000
552,2013,450000,1000
553,2018,3800000,10000
554,2013,1580000,86000
555,2019,4950000,30000
556,2016,535000,52600
557,2012,225000,110000
558,2017,550000,19890
559,2016,670000,7104
560,2015,625000,11918
561,2017,520000,10510
562,2016,239000,41000
563,2017,2600000,47162
564,2015,750000,45974
565,2012,229999,49824
566,2013,1300000,58500
567,2005,80000,56580
568,2012,385000,52000
569,2015,760000,55340
570,2017,600000,46507
571,2013,450000,1000
572,2018,3800000,10000
573,2013,1580000,86000
574,2019,4950000,30000
575,2016,535000,52600
576,2012,225000,110000
577,2017,550000,19890
578,2016,670000,7104
579,2015,625000,11918
580,2017,520000,10510
581,2016,239000,41000
582,2017,2600000,47162
583,2015,750000,45974
584,2012,229999,49824
585,2013,1300000,58500
586,2005,80000,56580
587,2012,385000,52000
588,2015,760000,55340
589,2017,600000,46507
590,2013,450000,1000
591,2018,3800000,10000
592,2013,1580000,86000
593,2019,4950000,30000
594,2016,535000,52600
595,2012,225000,110000
596,2017,550000,19890
597,2016,670000,7104
598,2015,625000,11918
599,2017,520000,10510
600,2016,239000,41000
601,2017,2600000,47162
602,2015,750000,45974
603,2012,229999,49824
604,2013,1300000,58500
605,2005,80000,56580
606,2012,385000,52000
607,2015,760000,55340
608,2017,600000,46507
609,2013,450000,1000
610,2018,3800000,10000
611,2013,1580000,86000
612,2019,4950000,30000
613,2016,535000,52600
614,2012,225000,110000
615,2017,550000,19890
616,2016,670000,7104
617,2015,625000,11918
618,2017,520000,10510
619,2016,239000,41000
620,2017,2600000,47162
621,2015,750000,45974
622,2012,229999,49824
623,2013,1300000,58500
624,2005,80000,56580
625,2012,385000,52000
626,2015,760000,55340
627,2017,600000,46507
628,2013,350000,50000
629,2014,114999,30000
630,2013,380000,50000
631,1995,95000,100000
632,2016,900000,35000
633,2012,200999,90000
634,2014,229999,11451
635,2019,800000,60000
636,2012,150000,172000
637,2018,600000,60000
638,2005,150000,150000
639,2009,150000,66000
640,2019,380000,5000
641,2006,80000,66508
642,2007,225000,55000
643,2012,75000,29900
644,2017,1600000,3000
645,2012,185000,85000
646,2011,425000,50000
647,2010,100000,120000
648,2008,140000,90000
649,2017,710000,8000
650,2015,450000,7900
651,2017,210000,50000
652,2016,270000,25000
653,2009,110000,20000
654,2018,540000,17500
655,2008,145000,25000
656,2013,360000,206500
657,2013,250000,88600
658,2012,110000,80000
659,2008,250000,100000
660,2011,150000,186000
661,2010,140000,60000
662,2019,925000,11000
663,2017,969999,30000
664,2007,90000,80000
665,2001,55000,60000
666,2007,155000,100000
667,2019,900000,15000
668,2011,135000,90000
669,2012,180000,120000
670,2013,495000,100000
671,2009,400000,138000
672,2008,250000,110000
673,2015,138000,120000
674,2011,311000,70000
675,2015,190000,70000
676,2011,311000,140000
677,2009,300000,15000
678,2018,600000,20000
679,2009,550000,100000
680,2015,600000,70000
681,2018,195000,5000
682,2013,58000,27974
683,2018,183000,40000
684,2007,95000,80000
685,2013,250000,38000
686,2013,250000,38000
687,2014,400000,35000
688,2012,409999,60000
689,2004,120000,120000
690,2018,600000,18000
691,2016,600000,10000
692,2015,825000,90000
693,2016,625000,80000
694,2020,700000,1400
695,2011,160000,60000
696,2011,114999,60000
697,2009,150000,53000
698,2010,250000,100000
699,2012,390000,86000
700,2015,650000,100000
701,2016,600000,30000
702,2011,250000,120000
703,2011,229999,60000
704,2016,299000,50000
705,2010,330000,124000
706,2012,180000,100000
707,2017,475000,42000
708,2015,325000,100000
709,2016,639000,28205
710,2017,415000,32670
711,2016,1199000,30093
712,2013,525000,56228
713,2013,425000,59319
714,2016,699000,39503
715,2013,325000,35299
716,2011,275000,51687
717,2011,269000,76259
718,2013,399000,44049
719,2017,475000,45087
720,2011,249000,41125
721,2014,1549000,42215
722,2011,254999,54206
723,2012,269000,52547
724,2014,665000,59110
725,2014,299000,54565
726,2010,265000,47564
727,2010,211000,45143
728,2013,599000,61624
729,2007,55000,195000
730,2014,550000,50000
731,2018,4000000,68000
732,2010,220000,120000
733,2019,500000,20000
734,2010,140000,30000
735,2013,325000,60000
736,2010,210000,90000
737,2008,110000,90000
738,2019,1200000,25000
739,2017,229999,40000
740,2012,225000,110000
741,2006,165000,132000
742,2018,525000,10980
743,2018,325000,20629
744,2018,1500000,50000
745,2015,400000,30000
746,2015,550000,69782
747,2003,98000,54000
748,2013,900000,63654
749,2017,700000,60000
750,2015,890000,52000
751,2015,490000,59385
752,2015,525000,70378
753,2013,330000,55425
754,2013,550000,78413
755,2018,790000,40890
756,2015,350000,34823
757,2017,1700000,75000
758,2017,750000,55545
759,2014,409999,56541
760,2016,220000,43700
761,2009,68000,120000
762,2017,290000,20000
763,2014,600000,27483
764,2019,470000,8000
765,2008,150000,30000
766,2014,180000,56207
767,2006,80000,70000
768,2018,875000,1440
769,2019,300000,50000
770,2017,2800000,20000
771,2017,1330000,91195
772,2011,220000,63657
773,2013,250000,60000
774,2016,919999,75000
775,2013,380000,97248
776,2012,450000,46000
777,2016,770000,10000
778,2018,550000,80000
779,2011,320000,100000
780,2013,400000,35000
781,2017,450000,50000
782,2011,220000,90000
783,2012,400000,150000
784,2013,530000,89000
785,2014,390000,60000
786,2012,185000,100000
787,2012,300000,100000
788,2014,575000,90000
789,2014,300000,75000
790,2017,425000,36000
791,2016,350000,12000
792,2017,550000,12997
793,2017,500000,40000
794,2015,600000,60000
795,2013,300000,25000
796,2018,1150000,26430
797,2015,475000,24600
798,2011,260000,28481
799,2013,350000,100000
800,2013,750000,41988
801,2009,180000,30375
802,2017,350000,7658
803,2017,611000,34400
804,2017,325000,18500
805,2012,225000,48000
806,2014,300000,28942
807,2017,400000,50000
808,2012,711000,53600
809,2015,851000,53652
810,2014,500000,25000
811,2007,250000,80000
812,2017,150000,50000
813,2016,610000,15000
814,2018,450000,5000
815,2017,744000,106000
816,2008,120000,100000
817,2016,220000,60000
818,2012,480000,120000
819,2017,370000,82000
820,2003,55000,35000
821,2013,125000,205000
822,2011,260000,125000
823,2015,350000,130000
824,2012,170000,97000
825,2015,350000,90000
826,2009,250000,60000
827,2013,170000,60000
828,2018,1300000,35000
829,2019,550000,25000
830,2017,400000,15000
831,2011,120000,20000
832,2011,120000,20000
833,2010,275000,70000
834,2016,285000,90000
835,2016,900000,80000
836,2014,2500000,79500
837,2013,620000,70000
838,2018,1700000,5000
839,2018,650000,15000
840,2014,500000,35000
841,2009,250000,120000
842,2018,950000,15000
843,2015,320000,60000
844,2013,450000,120000
845,2016,350000,90000
846,2015,400000,90000
847,2018,200000,10000
848,2009,250000,72000
849,2011,550000,197000
850,1999,85000,70000
851,2001,52000,50000
852,2017,1200000,50000
853,2011,450000,60000
854,2018,615000,40000
855,2012,400000,60000
856,2013,60000,40000
857,2017,500000,9161
858,2015,600000,45000
859,2010,110000,110000
860,2013,175000,80000
861,2011,325000,100000
862,2017,425000,90000
863,2009,160000,70000
864,2007,100000,80000
865,2014,390000,110000
866,2017,400000,50000
867,2018,509999,5000
868,2008,150000,90000
869,2009,110000,120000
870,2013,450000,80000
871,2017,400000,38000
872,2009,140000,120000
873,2011,130000,90000
874,2017,160000,50000
875,2016,150000,60000
876,2013,500000,100000
877,2011,40000,19000
878,2006,140000,200000
879,2015,227000,70000
880,2011,285000,50000
881,2012,155000,19077
882,2016,210000,30000
883,2009,140000,80000
884,2015,940000,128000
885,2013,750000,80000
886,2016,610000,100000
887,2015,450000,50000
888,2012,409999,56000
889,2018,100000,21302
890,2018,300000,10500
891,2013,400000,107000
892,2010,210000,60000
893,2006,90000,120000
894,2010,222000,70000
895,2015,240000,50000
896,2013,450000,70000
897,2013,450000,1000
898,2018,3800000,10000
899,2013,1580000,86000
900,2019,4950000,30000
901,2016,535000,52600
902,2012,225000,110000
903,2017,550000,19890
904,2016,670000,7104
905,2015,625000,11918
906,2017,520000,10510
907,2016,239000,41000
908,2017,2600000,47162
909,2015,750000,45974
910,2012,229999,49824
911,2013,1300000,58500
912,2005,80000,56580
913,2012,385000,52000
914,2015,760000,55340
915,2017,600000,46507
916,2013,450000,1000
917,2018,3800000,10000
918,2013,1580000,86000
919,2019,4950000,30000
920,2016,535000,52600
921,2012,225000,110000
922,2017,550000,19890
923,2016,670000,7104
924,2015,625000,11918
925,2017,520000,10510
926,2016,239000,41000
927,2017,2600000,47162
928,2015,750000,45974
929,2012,229999,49824
930,2013,1300000,58500
931,2005,80000,56580
932,2012,385000,52000
933,2015,760000,55340
934,2017,600000,46507
935,2012,735000,55300
936,2012,285000,74300
937,2010,350000,48781
938,2010,290000,87620
939,2017,890000,40219
940,2011,385000,11473
941,2017,425000,8352
942,2017,525000,9745
943,2017,550000,9748
944,2012,271000,49000
945,2018,1490000,20694
946,2015,490000,31080
947,2014,260000,37605
948,2014,455000,55850
949,2010,75000,58850
950,2015,421000,23839
951,2016,550000,54000
952,2013,330000,38000
953,2012,390000,45454
954,2015,599000,46957
955,2007,110000,60000
956,2016,250000,25000
957,2012,600000,110000
958,2008,280000,190000
959,2018,2700000,25000
960,2008,80000,90000
961,2019,350000,5000
962,2015,475000,60000
963,2020,4700000,1500
964,2018,500000,50000
965,2014,250000,120000
966,2005,100000,120000
967,2019,350000,5000
968,2014,4000000,47000
969,2017,1900000,20000
970,2005,95000,120000
971,2015,409999,58000
972,2018,1050000,35000
973,2017,320000,30000
974,2019,1000000,10000
975,2017,1770000,25000
976,2018,950000,20000
977,2018,750000,50000
978,2014,220000,42000
979,2017,1000000,50000
980,2017,660000,116000
981,2015,716000,100000
982,2015,675000,66000
983,2010,385000,110000
984,2014,325000,70000
985,2015,950000,60000
986,2007,400000,110000
987,2014,250000,25000
988,2018,4000000,68000
989,2014,210000,20000
990,2011,147000,110000
991,2018,725000,26350
992,2012,550000,90000
993,2016,475000,25000
994,2014,250000,50000
995,2006,70000,60000
996,2012,160000,70000
997,2011,1000000,90000
998,2001,68000,70000
999,2017,500000,26500
1000,2013,170000,60000
1001,2018,1300000,35000
1002,2020,1050000,10000
1003,2009,300000,15000
1004,2016,600000,25000
1005,2017,900000,50000
1006,2019,550000,25000
1007,2007,100000,52000
1008,2017,400000,15000
1009,2011,120000,20000
1010,2013,300000,90000
1011,2011,140000,60000
1012,2015,640000,23000
1013,2018,380000,22155
1014,2011,120000,20000
1015,2018,650000,70000
1016,2009,150000,60000
1017,2018,550000,35000
1018,2012,650000,71042
1019,2012,1025000,167870
1020,2011,195000,133564
1021,2018,3800000,10000
1022,2013,1490000,40000
1023,2019,4950000,30000
1024,2018,1140000,23038
1025,2011,95000,70000
1026,2017,3050000,30000
1027,2017,550000,19890
1028,2015,625000,11918
1029,2017,520000,10510
1030,2016,239000,41000
1031,2017,2600000,47162
1032,2012,229999,49824
1033,2013,1300000,58500
1034,2017,585000,43608
1035,2018,825000,11212
1036,2013,280000,52000
1037,2016,725000,49217
1038,2015,300000,90000
1039,2015,375000,70000
1040,2003,310000,90000
1041,2011,375000,190000
1042,2016,1950000,106000
1043,2012,400000,80000
1044,2014,550000,80000
1045,2018,270000,20000
1046,2012,555000,110000
1047,2013,500000,60000
1048,2010,400000,130000
1049,2017,280000,28838
1050,2008,80000,200000
1051,2006,55000,100000
1052,2014,250000,50000
1053,2010,250000,190000
1054,2007,95000,100000
1055,2014,725000,135000
1056,2015,320000,50000
1057,2014,1200000,135000
1058,2012,160000,50000
1059,2018,790000,19571
1060,2018,1200000,29600
1061,2011,175000,70000
1062,2018,950000,15000
1063,2019,340000,50000
1064,2017,825000,13500
1065,2018,3100000,22000
1066,2018,780000,25000
1067,2010,350000,80000
1068,2018,690000,39000
1069,2016,245000,60000
1070,2018,790000,49000
1071,2018,680000,48600
1072,2017,540000,20000
1073,2016,425000,25000
1074,2008,140000,120000
1075,2019,1100000,30000
1076,2015,715000,35000
1077,2013,1580000,86000
1078,2015,1750000,127643
1079,2018,400000,54000
1080,2014,1750000,102354
1081,2014,1850000,62237
1082,2005,114999,90000
1083,2018,950000,21394
1084,2015,310000,32686
1085,2006,575000,1001
1086,2017,490000,22000
1087,2017,480000,53261
1088,2016,3500000,53000
1089,2018,370000,10000
1090,2017,835000,14000
1091,2017,650000,44000
1092,2014,670000,39895
1093,2017,950000,73000
1094,2014,690000,17000
1095,2017,670000,18591
1096,2017,925000,26766
1097,2015,250000,30000
1098,2016,509999,42000
1099,2014,520000,110000
1100,2005,100000,100000
1101,2006,85000,300000
1102,2009,130000,110000
1103,2018,950000,27620
1104,2015,450000,70000
1105,2012,320000,50000
1106,2015,480000,50000
1107,2014,2490000,46000
1108,2012,790000,82000
1109,2016,120000,120000
1110,2006,75000,80000
1111,2010,99000,70000
1112,2018,1015000,20000
1113,2013,250000,200000
1114,2011,520000,120000
1115,2018,1100000,30000
1116,2005,200000,223000
1117,2016,525000,60000
1118,2016,500000,40000
1119,2016,675000,161327
1120,2009,150000,60000
1121,2007,250000,50000
1122,2018,450000,6000
1123,2009,150000,68000
1124,2012,200000,85000
1125,2011,525000,70000
1126,1999,60000,35000
1127,2010,180000,100000
1128,2015,475000,110000
1129,2010,380000,195000
1130,2015,285000,46000
1131,2008,91200,60000
1132,2017,250000,46000
1133,2015,400000,42000
1134,2006,160000,90000
1135,2012,650000,85000
1136,2012,409999,120000
1137,2013,425000,72000
1138,2013,250000,71000
1139,2009,200000,110000
1140,2013,250000,71000
1141,2010,130000,144000
1142,2017,260000,30000
1143,2007,155000,65000
1144,2015,450000,38000
1145,2012,220000,90000
1146,2018,650000,37000
1147,2018,285000,30000
1148,2018,725000,26000
1149,2016,625000,30000
1150,2016,550000,23000
1151,2012,240000,40000
1152,2014,600000,27000
1153,2012,350000,65000
1154,2015,245000,32000
1155,2016,600000,56000
1156,2017,2400000,30000
1157,2014,620000,80000
1158,2014,395000,52000
1159,2014,635000,13250
1160,2011,180000,36000
1161,2015,484999,73000
1162,2004,110000,60000
1163,2006,150000,60000
1164,2012,400000,110000
1165,2012,200000,70000
1166,2013,302000,60000
1167,2011,215000,90000
1168,2004,155000,80000
1169,2014,1000000,101000
1170,2018,550000,44000
1171,2006,200000,45000
1172,2017,750000,120000
1173,2005,90000,90000
1174,2007,80000,120000
1175,2013,229999,13500
1176,2017,350000,10000
1177,2015,325000,25000
1178,2018,450000,8500
1179,2012,250000,120000
1180,2012,225000,120000
1181,2009,150000,90246
1182,2008,110000,90000
1183,2010,150000,40000
1184,2000,165000,60000
1185,2017,610000,32000
1186,2013,170000,60400
1187,2008,150000,70950
1188,2013,300000,90000
1189,2015,375000,72000
1190,2013,390000,90000
1191,2017,600000,10000
1192,2014,204999,25000
1193,2009,270000,80000
1194,2017,375000,10000
1195,2020,700000,1100
1196,2017,455000,40000
1197,2017,375000,10000
1198,2014,341000,31491
1199,2014,200000,107143
1200,2017,450000,15000
1201,2012,170000,50000
1202,2017,1900000,100000
1203,2016,500000,60000
1204,2016,819999,85000
1205,2014,351000,40000
1206,2011,195000,80000
1207,2008,250000,82000
1208,2008,120000,70000
1209,2009,180000,70000
1210,2016,430000,20000
1211,2012,75000,35000
1212,2017,750000,80000
1213,2011,60000,40000
1214,2015,1500000,46412
1215,2011,390000,150000
1216,2016,630000,50000
1217,2018,1085000,15000
1218,2012,190000,60000
1219,2018,550000,25000
1220,2012,200000,90000
1221,2011,165000,60000
1222,2013,260000,65000
1223,2011,151000,40000
1224,2018,780000,50000
1225,2012,175000,80000
1226,2010,170000,107500
1227,2013,210000,135000
1228,2007,90000,43826
1229,2016,535000,55838
1230,2007,195000,112880
1231,2011,140000,90000
1232,2012,350000,40000
1233,2013,425000,66000
1234,2017,300000,30300
1235,2013,340000,85000
1236,2009,250000,80659
1237,2008,170000,81324
1238,2013,315000,127884
1239,2015,200000,50000
1240,2016,300000,25000
1241,2015,300000,66755
1242,2013,380000,123084
1243,2009,250000,806599
1244,2013,310000,95851
1245,2010,260000,50000
1246,2008,150000,50000
1247,2006,85000,60000
1248,2015,280000,15000
1249,2016,850000,40000
1250,2017,375000,20000
1251,2006,125000,120000
1252,2012,250000,110000
1253,2014,715000,234000
1254,2011,220000,70000
1255,2010,110000,110000
1256,2007,150000,84000
1257,2012,300000,170000
1258,2017,220000,40000
1259,2006,75000,96000
1260,2009,100000,20000
1261,2016,380000,15000
1262,2007,100000,50000
1263,2010,480000,80000
1264,2012,300000,124000
1265,2013,190000,70000
1266,2012,190000,130000
1267,2017,650000,19014
1268,2009,300000,23262
1269,2016,700000,29600
1270,2015,310000,35925
1271,2018,500000,12000
1272,2013,415000,40771
1273,2015,395000,30500
1274,2014,430000,42000
1275,2007,215000,55800
1276,2014,550000,66569
1277,2014,415000,81358
1278,2015,450000,82695
1279,2014,285000,68293
1280,2016,580000,32000
1281,2014,300000,190621
1282,2018,1200000,60000
1283,2006,78000,64700
1284,2002,65000,100000
1285,2016,400000,88470
1286,2016,850000,75000
1287,2013,450000,120000
1288,2012,2500000,35000
1289,2017,780000,70000
1290,2017,3200000,57000
1291,2020,350000,1000
1292,2013,285000,120000
1293,2015,525000,98000
1294,2014,550000,90000
1295,2018,580000,70000
1296,2013,75000,25000
1297,2009,185000,60000
1298,2007,110000,90000
1299,2004,180000,200000
1300,2010,350000,110000
1301,2005,60000,126000
1302,2018,695000,70000
1303,2019,2700000,5000
1304,2007,135000,74183
1305,2015,640000,70000
1306,2014,160000,90000
1307,2004,80000,46000
1308,2013,340000,110000
1309,2012,110000,80000
1310,2013,250000,90000
1311,2017,1300000,70000
1312,2014,250000,1
1313,2009,450000,192000
1314,2013,240000,70000
1315,2007,225000,120000
1316,2015,275000,60000
1317,2012,320000,120000
1318,2008,75000,120000
1319,2007,85000,50000
1320,2009,90000,120000
1321,2007,85000,80000
1322,2008,350000,80000
1323,2009,355000,100000
1324,2020,619000,1500
1325,2018,1700000,50000
1326,2006,55000,100000
1327,2006,95000,83411
1328,2011,300000,120000
1329,2006,81000,83411
1330,2015,1000000,80000
1331,2019,925000,50000
1332,2015,450000,40000
1333,2014,600000,13270
1334,2006,85000,100000
1335,2016,700000,50000
1336,2017,486000,26500
1337,2013,400000,90000
1338,2008,120000,100000
1339,2018,275000,35000
1340,2016,580000,57000
1341,2015,375000,70000
1342,2015,229999,100000
1343,2010,110000,88000
1344,2017,600000,60000
1345,2009,120000,76000
1346,2010,200000,100000
1347,2012,450000,110000
1348,2012,550000,80000
1349,2012,220000,80000
1350,2001,40000,30000
1351,2017,300000,20000
1352,2018,630000,40000
1353,2017,610000,40000
1354,2019,660000,7000
1355,2012,220000,80000
1356,2011,138000,90000
1357,2013,210000,13770
1358,2005,125000,34000
1359,2008,125000,102000
1360,2014,725000,110000
1361,2011,170000,90000
1362,2015,1200000,70000
1363,2003,70000,90000
1364,2007,100000,70000
1365,2006,300000,80000
1366,2013,450000,100000
1367,2015,530000,100000
1368,2007,100000,143000
1369,2010,350000,115000
1370,2011,165000,100000
1371,2019,475000,120000
1372,2013,350000,42000
1373,2016,229999,38000
1374,2018,800000,35000
1375,2014,475000,120000
1376,2014,425000,136906
1377,2015,660000,97000
1378,2019,610000,10000
1379,2013,240000,50000
1380,2005,70000,60000
1381,2011,550000,120000
1382,2010,100000,120000
1383,2010,350000,90000
1384,2013,200000,120000
1385,2019,720000,3000
1386,2014,350000,133000
1387,2016,400000,25000
1388,2017,570000,35000
1389,2015,130000,70000
1390,2016,210000,52000
1391,2018,800000,52000
1392,2017,700000,39000
1393,2011,200000,28689
1394,2014,495000,90000
1395,2014,325000,80322
1396,2019,650000,8000
1397,2000,155000,50000
1398,2007,75000,90000
1399,2015,350000,61658
1400,2010,90000,50000
1401,2016,600000,80000
1402,2010,400000,185000
1403,2014,370000,57000
1404,2000,50000,60000
1405,2004,125000,120000
1406,2018,1800000,26000
1407,2019,650000,20000
1408,2017,800000,30600
1409,2020,802000,5000
1410,2015,2300000,35000
1411,2016,430000,35000
1412,2017,650000,23000
1413,2004,170000,120000
1414,2011,450000,235000
1415,2013,250000,87000
1416,2014,550000,72000
1417,2013,2000000,64000
1418,2007,140000,100000
1419,2012,155000,12000
1420,2010,120000,67000
1421,2012,287000,70000
1422,2016,675000,60000
1423,2011,235000,74500
1424,2011,300000,118700
1425,2015,434999,40000
1426,2004,225000,223660
1427,2006,160000,140000
1428,2020,600000,5000
1429,2016,470000,100000
1430,2011,300000,100000
1431,2018,600000,2000
1432,2020,640000,4000
1433,2006,50000,120000
1434,2015,600000,35000
1435,2014,290000,29000
1436,2015,600000,30000
1437,2012,190000,120000
1438,2008,160000,110000
1439,2017,325000,15000
1440,2006,200000,73756
1441,2018,2800000,40000
1442,2011,125000,60000
1443,2008,155000,60000
1444,2015,550000,90000
1445,2009,130000,70000
1446,2002,80000,70000
1447,2015,500000,80000
1448,2019,250000,27000
1449,2012,580000,70000
1450,2002,60000,50000
1451,2012,300000,185000
1452,2014,200000,90000
1453,2017,1200000,16400
1454,2015,350000,80000
1455,2012,600000,80000
1456,2019,650000,4000
1457,2008,120000,40000
1458,2010,180000,120000
1459,2018,950000,41395
1460,2012,250999,35000
1461,2012,385000,52000
1462,2009,1250000,47000
1463,2013,165000,50000
1464,2015,700000,48000
1465,2015,750000,53000
1466,2008,89999,213000
1467,2018,290000,15000
1468,2014,45000,7000
1469,2013,675000,88000
1470,2015,530000,55000
1471,2014,1485000,48000
1472,2014,325000,71014
1473,2015,400000,60000
1474,2017,380000,71000
1475,2016,750000,45000
1476,2017,390000,45000
1477,2009,110000,20000
1478,2019,1825000,14000
1479,2019,3256000,17000
1480,2015,370000,60000
1481,2013,210000,80000
1482,2007,175000,181000
1483,2012,575000,89550
1484,2010,320000,90000
1485,2010,280000,149500
1486,2013,500000,190000
1487,2013,380000,83000
1488,2005,120000,20000
1489,2018,395000,20000
1490,2010,360000,160000
1491,2015,451000,100000
1492,2010,175000,45000
1493,2009,170000,44800
1494,2006,100000,40000
1495,2014,150000,120000
1496,2011,149000,10000
1497,2011,160000,80000
1498,2018,434999,10000
1499,2014,800000,156000
1500,2010,819999,120000
1501,2007,163000,100000
1502,2001,350000,100000
1503,2006,75000,100000
1504,2012,180000,60000
1505,2017,675000,30000
1506,2013,400000,170000
1507,2013,434999,100000
1508,2006,100000,110000
1509,2015,419000,170000
1510,2009,200000,100000
1511,2014,400000,35000
1512,2018,790000,40000
1513,2015,500000,90000
1514,2012,275000,120000
1515,2012,450000,120000
1516,2020,1400000,25000
1517,2015,800000,15000
1518,2014,315000,41000
1519,2019,700000,16000
1520,2016,585000,51000
1521,2014,350000,30000
1522,2014,495000,80000
1523,2017,500000,50000
1524,2013,345000,44000
1525,2015,500000,10000
1526,2016,360000,33000
1527,2010,210000,25000
1528,2014,220000,66000
1529,2009,250000,48000
1530,2016,990000,146000
1531,2013,220000,100000
1532,2012,1800000,50000
1533,2014,530000,50000
1534,2016,575000,50000
1535,2012,400000,99000
1536,2016,680000,50000
1537,2014,1000000,80000
1538,2016,260000,45000
1539,2010,150000,50000
1540,2008,180000,70000
1541,2014,346000,37516
1542,2015,450000,20000
1543,2019,500000,5000
1544,2019,700000,8000
1545,2019,280000,25880
1546,2019,475000,10000
1547,2009,300000,50000
1548,2014,200999,40000
1549,2009,200000,100000
1550,2009,210000,80000
1551,2012,160000,110000
1552,2009,175000,136000
1553,2012,320000,80000
1554,2009,110000,50000
1555,2008,300000,30000
1556,2012,700000,10000
1557,2009,135000,90000
1558,2015,500000,110000
1559,2012,550000,120000
1560,2014,1050000,90000
1561,2016,500000,20000
1562,2011,180000,90000
1563,2010,170000,50000
1564,2019,484999,9000
1565,2011,150000,70000
1566,2018,380000,25000
1567,2019,480000,10000
1568,2009,135000,90000
1569,2011,290000,60000
1570,2013,350000,70000
1571,2014,110000,25000
1572,2003,70000,80000
1573,2011,300000,70000
1574,2017,180000,60000
1575,2020,300000,20000
1576,2017,509000,60000
1577,2016,650000,80000
1578,2015,450000,70000
1579,1999,170000,2020
1580,2007,210000,100000
1581,2013,360000,80000
1582,2011,495000,120000
1583,2006,105000,100000
1584,2010,270000,60000
1585,2010,130000,110000
1586,2014,700000,90000
1587,2012,400000,40000
1588,2009,250000,60000
1589,2013,325000,94000
1590,2008,69000,100000
1591,2018,1380000,25000
1592,2007,90000,90000
1593,2016,1000000,40000
1594,2010,145000,90000
1595,2020,250000,1100
1596,2011,256000,70000
1597,2005,70000,120000
1598,2000,50000,88500
1599,2016,240000,70000
1600,2010,97000,128000
1601,2012,130000,120000
1602,2009,199000,52536
1603,2006,125000,70000
1604,2015,420000,60000
1605,2016,525000,110000
1606,2008,125000,85000
1607,2010,325000,135000
1608,2012,330000,86000
1609,2010,110000,50000
1610,2019,450000,1950
1611,2005,85000,118400
1612,2007,229999,70000
1613,2012,250000,60000
1614,2015,650000,68000
1615,2017,600000,46507
1616,2017,650000,6480
1617,2017,750000,32077
1618,2018,850000,19107
1619,2017,315000,18469
1620,2015,415000,28217
1621,2016,640000,72787
1622,2017,780000,31063
1623,2017,2595000,79641
1624,2015,850000,58692
1625,2015,900000,54784
1626,2016,1150000,64156
1627,2007,75000,54000
1628,2012,215000,97000
1629,2009,130000,120000
1630,2019,400000,16000
1631,2019,550000,60000
1632,2016,245000,52000
1633,2010,320000,110000
1634,2016,730000,60000
1635,2005,120000,100000
1636,2017,950000,35000
1637,2017,350000,48000
1638,2005,100000,20000
1639,2017,350000,30000
1640,2005,80000,40000
1641,2013,370000,60000
1642,2012,160000,70000
1643,2009,130000,120000
1644,2016,250000,30000
1645,2012,270000,80000
1646,2019,2600000,9500
1647,2013,160000,80000
1648,2016,229999,80000
1649,2017,750000,29000
1650,2011,195000,120000
1651,2015,320000,60000
1652,2018,1100000,20000
1653,2016,270000,22000
1654,2012,300000,50000
1655,2012,200000,50000
1656,2007,120000,81366
1657,2006,95000,110000
1658,2013,400000,100000
1659,2006,229999,300000
1660,2016,430000,20000
1661,2012,300000,90000
1662,2013,350000,70000
1663,2013,450000,120000
1664,2016,200000,53000
1665,2017,250000,30000
1666,2012,368000,90000
1667,2012,368000,90000
1668,2014,650000,244000
1669,1997,150000,120000
1670,2012,180000,60000
1671,2017,525000,15000
1672,2005,350000,150000
1673,2018,850000,30000
1674,2011,350000,312000
1675,2007,75000,54000
1676,2005,160000,67000
1677,2017,500000,40000
1678,2008,130000,100000
1679,2015,350000,100000
1680,2005,70000,80000
1681,2014,750000,145000
1682,2013,450000,53000
1683,2015,430000,73000
1684,2011,260000,90000
1685,2013,370000,80000
1686,2011,229999,100000
1687,2011,140000,90000
1688,2013,700000,200000
1689,2020,545000,7300
1690,2017,200000,30000
1691,2015,500000,120000
1692,2008,70000,90000
1693,2013,580000,25000
1694,2012,160000,70000
1695,2018,450000,6000
1696,2010,160000,36000
1697,2016,760000,49000
1698,2015,300000,22000
1699,1998,50000,35000
1700,2019,800000,24000
1701,2018,680000,20000
1702,2009,85000,50000
1703,2016,1300000,70000
1704,2016,500000,60000
1705,2015,3500000,35000
1706,2008,145000,60000
1707,2013,300000,60000
1708,2017,600000,60000
1709,2015,400000,70000
1710,2007,130000,135000
1711,2001,45000,72539
1712,2017,641000,25000
1713,2015,650000,50000
1714,2020,784000,101
1715,2020,635000,101
1716,2020,1000000,101
1717,2015,495000,52328
1718,2013,324000,30000
1719,2016,2100000,91505
1720,2018,200000,35000
1721,2015,320000,60000
1722,2015,300000,20500
1723,2013,180000,200000
1724,2008,500000,154000
1725,2011,305000,120000
1726,2009,125000,50000
1727,2015,800000,135000
1728,2009,420000,100000
1729,2017,875000,40000
1730,2014,580000,70000
1731,2011,350000,133000
1732,2004,120000,110000
1733,2013,150000,180000
1734,2013,650000,120000
1735,2010,225000,80000
1736,2014,400000,15000
1737,2005,250000,70000
1738,2008,120000,41723
1739,2010,250000,70000
1740,2012,175000,20000
1741,2013,450000,1000
1742,2018,590000,26350
1743,2015,225000,68745
1744,2016,900000,47000
1745,2017,375000,27289
1746,2016,320000,24662
1747,2013,525000,37000
1748,2014,650000,28245
1749,2017,575000,27005
1750,2014,355000,39227
1751,2016,470000,31367
1752,2008,221000,35008
1753,2009,195000,27005
1754,2004,90000,100005
1755,2013,580000,45264
1756,2014,325000,39093
1757,2013,495000,45241
1758,2014,290000,12000
1759,2018,375000,2769
1760,2011,211000,43128
1761,2010,270000,110000
1762,2004,70000,50000
1763,2010,225000,60000
1764,2014,420000,70000
1765,2015,280000,22255
1766,2013,400000,59213
1767,2015,850000,55000
1768,2011,550000,80000
1769,2011,550000,80000
1770,2018,1000000,40000
1771,2014,350000,170000
1772,2011,350000,170000
1773,2007,170000,70000
1774,2020,828999,1010
1775,2020,1119000,1010
1776,2020,746000,1111
1777,2020,1030000,1010
1778,2020,1334000,1010
1779,2020,811999,1010
1780,2020,1331000,1010
1781,2020,852000,1010
1782,2006,45000,120000
1783,2013,430000,70000
1784,2011,140000,60000
1785,2015,830000,70000
1786,2009,409999,110000
1787,2012,190000,80000
1788,2007,200000,80000
1789,2006,120000,110000
1790,2019,850000,50000
1791,2011,95000,115000
1792,2013,213000,80000
1793,2018,660000,25000
1794,2017,415000,48965
1795,2019,1100000,5166
1796,2012,650000,76290
1797,2016,969999,70000
1798,2016,1250000,35000
1799,2017,715000,25000
1800,2017,715000,25000
1801,2016,565000,47000
1802,2013,615000,45766
1803,2007,199000,78771
1804,2010,325000,79357
1805,2012,409999,28000
1806,2012,500000,72000
1807,2011,225000,76736
1808,2007,135000,70000
1809,2012,750000,80000
1810,2009,155000,60000
1811,2012,335000,77000
1812,2005,114999,92645
1813,2007,699000,101849
1814,2004,110000,120000
1815,2012,300000,80000
1816,2014,700000,70000
1817,2017,700000,120000
1818,2013,210000,42000
1819,2012,600000,120000
1820,2012,180000,155836
1821,2011,220000,59000
1822,2009,70000,60000
1823,2018,950000,70000
1824,2014,800000,20000
1825,2012,700000,120000
1826,2016,265000,40000
1827,2011,175000,90000
1828,2012,260000,89000
1829,2013,950000,80000
1830,2009,250000,200000
1831,2015,630000,50000
1832,2012,35000,35000
1833,2013,450000,1000
1834,2018,3800000,10000
1835,2013,1580000,86000
1836,2019,4950000,30000
1837,2016,535000,52600
1838,2012,225000,110000
1839,2017,550000,19890
1840,2016,670000,7104
1841,2015,625000,11918
1842,2017,520000,10510
1843,2016,239000,41000
1844,2017,2600000,47162
1845,2015,750000,45974
1846,2012,229999,49824
1847,2013,1300000,58500
1848,2005,80000,56580
1849,2012,385000,52000
1850,2015,760000,55340
1851,2017,600000,46507
1852,2014,330000,200000
1853,2009,150000,120000
1854,2008,105000,90000
1855,2013,185000,65000
1856,2014,260000,50000
1857,2012,450000,33000
1858,2016,500000,38000
1859,2012,260000,40000
1860,2012,265000,55000
1861,2017,800000,26000
1862,2016,869999,80000
1863,2018,690000,40000
1864,2011,825000,120000
1865,2006,160000,63230
1866,2006,300000,120000
1867,2005,100000,100000
1868,2015,530000,77000
1869,2016,360000,30000
1870,2015,220000,40000
1871,2017,178000,35000
1872,2018,515000,5000
1873,2014,300000,35000
1874,2008,105000,90000
1875,2013,185000,65000
1876,2012,150000,80000
1877,2014,260000,50000
1878,2012,450000,33000
1879,2016,500000,38000
1880,2012,260000,40000
1881,2012,265000,55000
1882,2017,750000,15000
1883,2017,800000,26000
1884,2016,869999,80000
1885,2012,950000,80000
1886,2018,690000,40000
1887,2011,825000,120000
1888,2013,170000,70000
1889,2006,160000,63230
1890,2006,300000,120000
1891,2015,315000,45000
1892,2006,90000,40000
1893,2005,100000,100000
1894,2008,65000,110000
1895,2012,312000,90000
1896,2018,700000,25000
1897,2005,150000,47000
1898,2013,450000,60000
1899,2010,229999,120000
1900,2008,111000,120000
1901,2012,250000,140000
1902,2019,750000,1001
1903,2017,774000,1758
1904,2018,711000,1452
1905,2017,600000,35122
1906,2015,455000,92621
1907,2015,225000,92198
1908,2019,650000,5000
1909,2013,200000,50000
1910,2016,875000,74000
1911,2017,750000,40000
1912,2019,725000,22000
1913,2007,100000,100000
1914,2019,1100000,40000
1915,2017,2700000,30000
1916,2016,280000,23000
1917,2009,150000,30000
1918,2010,200000,50000
1919,2010,148000,100000
1920,2011,254999,70000
1921,2013,360000,60000
1922,2006,95000,90000
1923,2007,185000,230000
1924,2012,185000,40000
1925,2019,300000,15000
1926,2018,800000,40000
1927,2000,60000,50000
1928,2010,80000,50000
1929,2018,500000,8000
1930,2013,250000,35000
1931,2010,250000,80000
1932,2005,125000,50000
1933,2002,100000,80000
1934,2010,480000,90000
1935,2018,320000,30000
1936,2010,130000,70000
1937,2006,57000,80000
1938,2005,75000,60000
1939,2003,60000,35000
1940,2008,125000,70000
1941,2004,105000,100000
1942,2008,125000,152000
1943,1998,69000,70000
1944,2012,130000,90000
1945,2019,630000,40000
1946,2016,330000,50000
1947,2014,340000,15000
1948,2006,60000,120000
1949,2014,550000,78322
1950,2014,480000,110000
1951,2013,315000,80000
1952,2012,165000,120000
1953,2016,170000,125000
1954,2018,550000,8000
1955,2018,465000,13000
1956,2012,120000,80000
1957,2008,220000,54309
1958,2011,180000,70000
1959,2006,150000,34600
1960,2016,520000,25000
1961,2013,430000,80000
1962,2009,300000,55000
1963,2020,1000000,5000
1964,2017,725000,30000
1965,2011,500000,31000
1966,2011,250000,50000
1967,2018,700000,38217
1968,2011,185000,50000
1969,2011,200000,120000
1970,2004,315000,110000
1971,2019,1100000,40000
1972,2001,52000,50000
1973,2017,600000,10000
1974,2019,1700000,10000
1975,2015,451000,100000
1976,2016,370000,60000
1977,2017,2700000,30000
1978,2016,280000,23000
1979,2017,350000,30000
1980,2011,250000,50000
1981,2014,204999,25000
1982,2019,500000,15000
1983,2009,150000,30000
1984,2010,175000,45000
1985,2009,170000,44800
1986,2010,200000,50000
1987,2018,800000,52000
1988,2017,1200000,50000
1989,2008,400000,35000
1990,2010,148000,100000
1991,2014,200000,100000
1992,2016,284000,40000
1993,2007,80000,60000
1994,2014,170000,77000
1995,2011,150000,60000
1996,2010,110000,77073
1997,2016,400000,70000
1998,2013,275000,90000
1999,2013,800000,186000
2000,2014,550000,90000
2001,2007,125000,100000
2002,2010,135000,80000
2003,2012,349000,150000
2004,2014,458000,80000
2005,2018,300000,35000
2006,2008,95000,70000
2007,2018,850000,50000
2008,2019,750000,25000
2009,2013,190000,120000
2010,2009,150000,70000
2011,2009,114999,106000
2012,2010,320000,120000
2013,2019,300000,120000
2014,2016,275000,160000
2015,2010,140000,120000
2016,2020,830000,10000
2017,2013,380000,50000
2018,2010,150000,90000
2019,2008,50000,70000
2020,2008,155000,100000
2021,2008,155000,100000
2022,2010,300000,80000
2023,2018,300000,16584
2024,2016,385000,38000
2025,2010,221000,51000
2026,2016,381000,38000
2027,2015,250999,35000
2028,2002,60000,120000
2029,2016,380000,38000
2030,2008,180000,144000
2031,2017,751000,64000
2032,2015,1250000,60000
2033,2014,229999,65000
2034,2019,1250000,24000
2035,2014,782000,58000
2036,2014,780000,58000
2037,2016,245000,68000
2038,2011,321000,81257
2039,2017,509999,44000
2040,2015,110000,45000
2041,2013,400000,75000
2042,2013,370000,90000
2043,2007,175000,80000
2044,1998,1000000,35000
2045,2013,92800,25000
2046,2014,291000,90000
2047,2013,92800,25000
2048,2013,335000,110000
2049,2013,170000,35000
2050,2019,295000,10000
2051,2019,375000,10000
2052,2012,215000,70000
2053,2009,150000,110000
2054,2003,60000,5000
2055,2006,52000,120000
2056,2009,80000,90000
2057,2012,140000,70000
2058,2008,120000,90000
2059,2006,110000,120000
2060,2012,280000,110000
2061,2016,450000,50000
2062,2018,1150000,58000
2063,2018,650000,15000
2064,2015,300000,60000
2065,2015,73000,57000
2066,2015,400000,87000
2067,2017,300000,70000
2068,2012,300000,30000
2069,2012,450000,80000
2070,2009,200000,100000
2071,2019,580000,40000
2072,2017,550000,3917
2073,2007,190000,160000
2074,2017,450000,35000
2075,2014,220000,70000
2076,2012,310000,69069
2077,2019,650000,13500
2078,2014,300000,59059
2079,2013,200000,70000
2080,2012,285000,39039
2081,2014,335000,33033
2082,2011,370000,55168
2083,2013,375000,41041
2084,2009,235000,67067
2085,2013,345000,66066
2086,2013,365000,82082
2087,2014,400000,48000
2088,2015,250000,30000
2089,2012,465000,70070
2090,2017,300000,10000
2091,2018,655000,25000
2092,2016,350000,30000
2093,2015,500000,50000
2094,2015,465000,63063
2095,2008,263000,70000
2096,2012,250000,90000
2097,1999,60000,90000
2098,2005,70000,90000
2099,2016,250000,30000
2100,2016,229999,80000
2101,2011,195000,120000
2102,2016,270000,22000
2103,2017,650000,140000
2104,2014,370000,80000
2105,2016,509999,40000
2106,2011,280000,33000
2107,2010,180000,40000
2108,2018,300000,10500
2109,2013,400000,107000
2110,2010,210000,60000
2111,2006,90000,120000
2112,2010,222000,70000
2113,2015,240000,50000
2114,2013,450000,70000
2115,2017,650000,6000
2116,2010,200000,78000
2117,2011,210000,72000
2118,2011,75000,9528
2119,2011,450000,135200
2120,2011,220000,58000
2121,2013,325000,78000
2122,2018,450000,45000
2123,2017,825000,35000
2124,2007,125000,76000
2125,2015,434999,100000
2126,2011,484999,99000
2127,2009,175000,80000
2128,2006,220000,120000
2129,2020,1250000,1100
2130,2017,215000,34000
2131,2014,625000,68000
2132,2018,615000,15000
2133,2012,130000,58000
2134,2013,175000,50300
2135,2011,150000,70000
2136,2011,195000,60000
2137,2020,550000,90000
2138,2018,1500000,40000
2139,2010,400000,80000
2140,2019,1350000,15000
2141,2015,217000,45000
2142,2011,290000,130000
2143,2018,700000,80000
2144,2014,175000,40000
2145,2017,575000,80000
2146,2016,380000,100000
2147,2013,350000,151624
2148,2012,450000,160000
2149,2005,130000,110000
2150,2015,320000,74820
2151,2014,550000,82000
2152,2015,370000,50000
2153,2010,114999,70000
2154,2020,1100000,1000
2155,2006,170000,170000
2156,2008,80000,150000
2157,2019,950000,17000
2158,2014,425000,150000
2159,2015,500000,80000
2160,2005,70000,170000
2161,2013,349000,120000
2162,2012,330000,90000
2163,2010,120000,90000
2164,2013,430000,100000
2165,2014,390000,90000
2166,2012,225000,129000
2167,2010,350000,186000
2168,2009,100000,66778
2169,2014,190000,50000
2170,2014,315000,110000
2171,2015,300000,60000
2172,2016,280000,40000
2173,2017,1650000,55000
2174,2015,295000,21000
2175,2012,2050000,66363
2176,2018,1475000,11700
2177,2017,1100000,10000
2178,2014,4400000,100000
2179,2016,670000,7104
2180,2015,750000,45974
2181,2015,760000,55340
2182,2017,850000,20000
2183,2015,390000,61585
2184,2016,450000,39415
2185,2014,425000,29654
2186,2016,770000,64672
2187,2015,1150000,54634
2188,2015,775000,66521
2189,2019,720000,3000
2190,2018,1725000,23974
2191,2018,539000,10000
2192,2017,420000,50000
2193,2001,85000,70000
2194,2004,142000,73000
2195,2014,180000,76000
2196,2014,400000,120000
2197,2009,360000,170000
2198,2003,85000,110000
2199,2016,350000,63400
2200,2015,380000,25000
2201,2009,140000,80000
2202,2012,200000,90000
2203,2011,150000,157000
2204,2012,150000,80000
2205,2006,90000,40000
2206,2007,300000,100000
2207,2017,280000,50000
2208,2011,200000,40000
2209,2009,110000,38500
2210,2008,140000,103921
2211,2020,1050000,10000
2212,2018,1150000,14825
2213,2016,910000,43377
2214,2010,160000,102307
2215,2004,105000,79000
2216,2014,1200000,135000
2217,2018,300000,10500
2218,2004,70000,90000
2219,2012,160000,110000
2220,2012,160000,50000
2221,2013,225000,80000
2222,2018,790000,19571
2223,2002,145000,100000
2224,2018,1200000,29600
2225,2018,930000,20000
2226,2016,210000,30000
2227,2008,110000,154000
2228,2011,175000,70000
2229,2018,950000,15000
2230,2017,650000,40000
2231,2019,550000,51000
2232,2008,85000,120000
2233,2019,340000,50000
2234,2017,825000,13500
2235,2016,509999,35000
2236,2013,450000,1000
2237,2018,3800000,10000
2238,2013,1580000,86000
2239,2019,4950000,30000
2240,2016,535000,52600
2241,2012,225000,110000
2242,2017,550000,19890
2243,2016,670000,7104
2244,2015,625000,11918
2245,2017,520000,10510
2246,2016,239000,41000
2247,2017,2600000,47162
2248,2015,750000,45974
2249,2012,229999,49824
2250,2013,1300000,58500
2251,2005,80000,56580
2252,2012,385000,52000
2253,2015,760000,55340
2254,2017,600000,46507
2255,2013,450000,1000
2256,2018,3800000,10000
2257,2013,1580000,86000
2258,2019,4950000,30000
2259,2016,535000,52600
2260,2012,225000,110000
2261,2017,550000,19890
2262,2016,670000,7104
2263,2015,625000,11918
2264,2017,520000,10510
2265,2016,239000,41000
2266,2017,2600000,47162
2267,2015,750000,45974
2268,2012,229999,49824
2269,2013,1300000,58500
2270,2005,80000,56580
2271,2012,385000,52000
2272,2015,760000,55340
2273,2017,600000,46507
2274,2017,650000,70000
2275,2011,140000,60000
2276,2011,150000,70000
2277,2018,450000,10000
2278,2006,170000,245244
2279,2017,400000,60000
2280,2016,300000,30000
2281,2012,250000,8000
2282,2019,500000,10000
2283,2002,85000,100000
2284,2012,300000,110000
2285,2005,80000,56580
2286,2015,740000,45000
2287,2005,70000,68500
2288,2019,484999,5007
2289,2013,164000,30000
2290,2008,140000,70000
2291,2011,999000,49600
2292,2005,56000,23000
2293,2006,1050000,30000
2294,2010,190000,38000
2295,2018,3899000,22000
2296,2011,235000,43100
2297,2017,350000,10171
2298,2015,465000,41123
2299,2017,1900000,20118
2300,2014,450000,40000
2301,2015,790000,52517
2302,2019,900000,20000
2303,2014,450000,99117
2304,2009,135000,90000
2305,2019,425000,3700
2306,2010,100000,80000
2307,2015,650000,100000
2308,2011,90000,54000
2309,2017,250000,19000
2310,2014,300000,120000
2311,2014,275000,30000
2312,2017,600000,43500
2313,2016,270000,60000
2314,2016,240000,70000
2315,2014,1200000,135000
2316,2012,160000,50000
2317,2018,790000,19571
2318,2018,1200000,29600
2319,2011,175000,70000
2320,2018,950000,15000
2321,2019,340000,50000
2322,2017,825000,13500
2323,2018,3100000,22000
2324,2018,780000,25000
2325,2010,350000,80000
2326,2018,690000,39000
2327,2016,245000,60000
2328,2018,790000,49000
2329,2018,680000,48600
2330,2017,540000,20000
2331,2016,425000,25000
2332,2008,140000,120000
2333,2019,1100000,30000
2334,2015,715000,35000
2335,2013,370000,90000
2336,2007,175000,80000
2337,1998,1000000,35000
2338,2013,92800,25000
2339,2014,291000,90000
2340,2013,92800,25000
2341,2016,350000,20000
2342,1998,65000,60000
2343,2015,650000,58000
2344,2014,350000,40000
2345,2005,75000,70000
2346,2012,440000,70000
2347,2013,270000,60000
2348,2014,1150000,135000
2349,2015,238000,70000
2350,2013,1100000,40000
2351,2015,1200000,75000
2352,2010,260000,150000
2353,2012,350000,140000
2354,2015,480000,70000
2355,2012,345000,137250
2356,2013,500000,110000
2357,2017,595000,27000
2358,2019,1295000,9000
2359,2019,1350000,5400
2360,2020,541000,1000
2361,2018,515000,16000
2362,2019,894999,13000
2363,2012,325000,47000
2364,2018,925000,22000
2365,2017,844999,30000
2366,2018,925000,20000
2367,2013,300000,60000
2368,2008,650000,75000
2369,2010,175000,64000
2370,2015,325000,80000
2371,2017,600000,90000
2372,2018,700000,30000
2373,2003,95000,120000
2374,2019,490000,20000
2375,2013,380000,100000
2376,2018,550000,31000
2377,2013,225000,47000
2378,2018,570000,11200
2379,2018,305000,35000
2380,2010,240000,50000
2381,2015,700000,55000
2382,2018,288000,20000
2383,2017,800000,75000
2384,2017,430000,93000
2385,2009,195000,57000
2386,2014,325000,30000
2387,2013,450000,73000
2388,2016,630000,65000
2389,2009,250000,62000
2390,2007,135000,85000
2391,2010,110000,73000
2392,2012,350000,55000
2393,2016,240000,5800
2394,2009,350000,350000
2395,2018,600000,30000
2396,2018,750000,20000
2397,2018,270000,20000
2398,2007,90000,100000
2399,2013,350000,65000
2400,2013,285000,90000
2401,2011,665000,267000
2402,2005,175000,250000
2403,2011,350000,140000
2404,2018,1225000,22000
2405,2010,285000,60000
2406,2018,1000000,28635
2407,2018,780000,32114
2408,2014,300000,82000
2409,2006,160000,95149
2410,2018,625000,68458
2411,2010,265000,42000
2412,2014,515000,90000
2413,2016,210000,30000
2414,2009,140000,80000
2415,2015,940000,128000
2416,2013,750000,80000
2417,2016,610000,100000
2418,2015,450000,50000
2419,2012,409999,56000
2420,2018,100000,21302
2421,2016,650000,100000
2422,2017,650000,80000
2423,2010,150000,105546
2424,2018,500000,10000
2425,2012,1000000,80000
2426,2013,340000,35000
2427,2019,800000,11240
2428,2013,1010000,120000
2429,2011,350000,120000
2430,2016,595000,70000
2431,2014,700000,130000
2432,2019,265000,40000
2433,2015,320000,60000
2434,2011,310000,110000
2435,2014,700000,130000
2436,2009,130000,80000
2437,2009,150000,120000
2438,2015,300000,104000
2439,2011,150000,100000
2440,2003,120000,132343
2441,2016,950000,90000
2442,2007,100000,60000
2443,2015,450000,76000
2444,2004,30000,60000
2445,2009,200000,30000
2446,2010,250000,96000
2447,2018,1300000,10000
2448,2017,425000,36000
2449,2017,550000,12997
2450,2017,500000,40000
2451,2018,1150000,26430
2452,2015,475000,24600
2453,2011,260000,28481
2454,2013,350000,100000
2455,2013,750000,41988
2456,2009,180000,30375
2457,2017,350000,7658
2458,2017,611000,34400
2459,2017,325000,18500
2460,2015,280000,26134
2461,2014,300000,28942
2462,2012,711000,53600
2463,2015,851000,53652
2464,2011,260000,52895
2465,2013,550000,42324
2466,2016,1044999,65000
2467,2012,550000,60236
2468,2014,210000,70000
2469,2014,210000,70000
2470,2009,290000,100000
2471,2008,250999,110000
2472,2019,600000,10300
2473,2014,270000,120000
2474,2012,550000,142000
2475,2017,800000,25000
2476,2020,500000,5000
2477,2016,535000,52600
2478,2016,396000,28643
2479,2014,600000,50000
2480,2019,575000,30000
2481,2020,520000,5000
2482,2018,1400000,30000
2483,2018,600000,7600
2484,2013,195000,47253
2485,2015,281000,4432
2486,2010,75000,110000
2487,2014,400000,25000
2488,2009,93000,70000
2489,2016,560000,68523
2490,2019,400000,5000
2491,2018,459999,40000
2492,2017,450000,43000
2493,2010,88000,80251
2494,2010,250000,34500
2495,2000,22000,42743
2496,2013,130000,93900
2497,2004,79000,80000
2498,2012,120000,110000
2499,2011,1700000,100000
2500,2012,300000,25000
2501,2012,300000,25000
2502,2009,145000,25000
2503,2019,3200000,20000
2504,2013,240000,10000
2505,2018,700000,30000
2506,2010,145000,110000
2507,2014,535000,80000
2508,2016,420000,21000
2509,2016,350000,20000
2510,2015,550000,32000
2511,2007,750000,180000
2512,2012,198000,70000
2513,2013,420000,50000
2514,2013,420000,50000
2515,2004,195000,120000
2516,2012,150000,55766
2517,2011,275000,40000
2518,2001,65000,60000
2519,2008,200000,50000
2520,2010,250000,110000
2521,2013,450000,1000
2522,2018,590000,26350
2523,2012,225000,110000
2524,2015,225000,68745
2525,2006,165000,132000
2526,2019,860000,35000
2527,2016,900000,47000
2528,2013,182000,100000
2529,2010,100000,80000
2530,2006,100000,40000
2531,2017,375000,27289
2532,2018,525000,10980
2533,2016,320000,24662
2534,2013,525000,37000
2535,2014,650000,28245
2536,2017,575000,27005
2537,2014,355000,39227
2538,2016,470000,31367
2539,2008,221000,35008
2540,2009,195000,27005
2541,2001,85000,86000
2542,2013,400000,50000
2543,2017,650000,20000
2544,2010,400000,50000
2545,2012,295000,80000
2546,2006,60000,135000
2547,2003,110000,120000
2548,2015,550000,113600
2549,2008,190000,70000
2550,2018,861999,20000
2551,2018,782000,14000
2552,2018,836000,26000
2553,2016,696000,138925
2554,2016,596000,121764
2555,2016,612000,105429
2556,2015,114999,35000
2557,2017,340000,60000
2558,2020,550000,5000
2559,2008,114999,70000
2560,2000,105000,80000
2561,2019,890000,20000
2562,2019,715000,8000
2563,2014,525000,54000
2564,2012,735000,55300
2565,2016,495000,11958
2566,2017,1025000,9000
2567,2015,750000,70000
2568,2013,600000,120000
2569,2014,475000,23122
2570,2007,80000,58000
2571,2013,325000,62200
2572,2014,1470000,34000
2573,2015,350000,53000
2574,2013,2800000,49000
2575,2017,210000,15000
2576,2012,349000,44500
2577,2013,450000,50000
2578,2013,1150000,53000
2579,2009,210000,63500
2580,2018,4500000,9800
2581,2017,825000,13599
2582,2017,2750000,13000
2583,2012,160000,110000
2584,2014,550000,100000
2585,2006,95000,110000
2586,2014,725000,90000
2587,2019,670000,17000
2588,2008,65000,140000
2589,2015,500000,50000
2590,2017,600000,53000
2591,2017,350000,70000
2592,2012,200000,70000
2593,2008,110000,154000
2594,2012,150000,80000
2595,2003,75000,110000
2596,2013,350000,90000
2597,2018,1700000,15000
2598,2011,890000,86000
2599,2014,500000,120000
2600,2019,600000,5200
2601,2010,99000,60000
2602,2011,235000,46000
2603,2006,75000,40000
2604,2014,600000,90000
2605,2019,1000000,25000
2606,2012,390000,90000
2607,2015,600000,70000
2608,2017,600000,70000
2609,2019,730000,35000
2610,2017,450000,12700
2611,2011,250000,80000
2612,2018,1400000,20000
2613,2018,300000,20000
2614,2017,800000,19000
2615,2009,125000,95000
2616,2019,2600000,9500
2617,2012,300000,50000
2618,2012,295000,90000
2619,2013,650000,45839
2620,2010,200000,74510
2621,2009,130000,87293
2622,2012,250000,156040
2623,2004,400000,93415
2624,2017,430000,101159
2625,2015,170000,80000
2626,2019,450000,12000
2627,2013,350000,90000
2628,2011,130000,68519
2629,2012,180000,55130
2630,2014,475000,65239
2631,2015,470000,58182
2632,2012,200000,91245
2633,2013,650000,102989
2634,2010,400000,50000
2635,2000,100000,120000
2636,2014,409999,90000
2637,2018,640000,25000
2638,2007,160000,80000
2639,2013,182000,100000
2640,2018,750000,70000
2641,2002,150000,50000
2642,2008,80000,100000
2643,2016,240000,90000
2644,2005,60000,60000
2645,2007,70000,120000
2646,2008,285000,90000
2647,2015,350000,60000
2648,2015,699000,30000
2649,2011,275000,108000
2650,2012,350000,160000
2651,2006,135000,90000
2652,2010,325000,120000
2653,2012,650000,102000
2654,2009,300000,178000
2655,2014,1200000,200000
2656,2012,450000,60000
2657,2019,425000,3000
2658,2006,150000,75118
2659,2013,290000,140000
2660,2014,335000,60000
2661,2006,120000,79000
2662,2005,20000,25000
2663,2005,250000,70000
2664,2008,120000,41723
2665,2010,250000,70000
2666,2012,220000,70000
2667,2005,61000,4637
2668,2016,620000,70000
2669,2014,425000,100000
2670,2009,85000,120000
2671,2015,270000,40000
2672,2009,180000,220000
2673,2018,300000,20000
2674,2017,800000,19000
2675,2009,125000,95000
2676,2017,450000,30000
2677,2012,450000,42655
2678,2017,250000,43000
2679,2012,725000,70000
2680,2010,250000,55000
2681,2010,99000,80000
2682,2017,350000,55000
2683,2018,511000,70000
2684,2012,300000,80000
2685,2010,1100000,110000
2686,2010,125000,60000
2687,2018,500000,30000
2688,2013,385000,80000
2689,2012,350000,90000
2690,2003,60000,50000
2691,2012,300000,50000
2692,2012,400000,70000
2693,2014,550000,110000
2694,2012,300000,80000
2695,2012,250000,156000
2696,2012,800000,180000
2697,2018,300000,25000
2698,2004,80000,120000
2699,2020,1200000,11000
2700,2017,355000,40000
2701,2015,520000,50000
2702,2012,500000,26000
2703,2008,114999,30000
2704,2014,1800000,50000
2705,2018,800000,20000
2706,2008,105000,30000
2707,2011,135000,78000
2708,2011,170000,40000
2709,2014,550000,100000
2710,2009,250000,70000
2711,2014,650000,30000
2712,2008,210000,77000
2713,2011,260000,150000
2714,2016,750000,69000
2715,2016,1350000,120000
2716,2012,220000,120000
2717,2008,110000,110000
2718,2017,1230000,70000
2719,2013,220000,110000
2720,2009,130000,50000
2721,2012,330000,44000
2722,2010,254999,90000
2723,2014,600000,50000
2724,2012,210000,50000
2725,2014,300000,146000
2726,2018,426000,15000
2727,2015,265000,60000
2728,2016,450000,35000
2729,2012,480000,80000
2730,2010,40000,90000
2731,2011,395000,70000
2732,2013,229999,62000
2733,2018,875000,10000
2734,2010,170000,80000
2735,2015,500000,35000
2736,2013,450000,1000
2737,2018,3800000,10000
2738,2013,1580000,86000
2739,2019,4950000,30000
2740,2016,535000,52600
2741,2012,225000,110000
2742,2017,550000,19890
2743,2016,670000,7104
2744,2015,625000,11918
2745,2017,520000,10510
2746,2016,239000,41000
2747,2017,2600000,47162
2748,2015,750000,45974
2749,2012,229999,49824
2750,2013,1300000,58500
2751,2005,80000,56580
2752,2012,385000,52000
2753,2015,760000,55340
2754,2017,600000,46507
2755,2019,450000,40000
2756,2019,450000,40000
2757,2012,550000,120000
2758,2013,200000,60000
2759,2008,80000,90000
2760,2010,300000,250000
2761,2019,675000,15000
2762,2017,260000,30000
2763,2019,500000,15000
2764,2012,150000,55766
2765,2006,100000,80000
2766,2001,70000,117000
2767,2004,100000,70000
2768,2012,730000,110000
2769,2016,525000,100000
2770,2016,525000,105000
2771,2009,550000,182000
2772,2012,420000,95000
2773,2015,500000,70000
2774,2009,165000,76000
2775,2014,650000,70000
2776,2013,195000,46000
2777,1999,75000,70000
2778,2005,100000,120000
2779,2017,1770000,25000
2780,2006,90000,90000
2781,2016,515000,50000
2782,2017,700000,24585
2783,2001,62000,70000
2784,2011,220000,110000
2785,2019,520000,10000
2786,2010,170000,100000
2787,2011,190000,110000
2788,2011,150000,100000
2789,2009,125000,65000
2790,2015,290000,40000
2791,2019,490000,13900
2792,2017,434999,17563
2793,2016,380000,15000
2794,2012,200000,82000
2795,2016,495000,40000
2796,2014,894999,173000
2797,2014,600000,151000
2798,2015,300000,50000
2799,2017,430000,15000
2800,2017,370000,80000
2801,2019,750000,11000
2802,2016,300000,50000
2803,2012,700000,120000
2804,2007,100000,70000
2805,2015,300000,90000
2806,2012,130000,185000
2807,2016,650000,40000
2808,2017,509999,25000
2809,2013,1000000,117780
2810,2010,280000,120000
2811,2017,600000,120000
2812,2013,210000,120000
2813,2014,1150000,110000
2814,2018,229999,30000
2815,2018,245000,30000
2816,2015,600000,60000
2817,2016,375000,25000
2818,2015,150000,55000
2819,2018,1450000,20000
2820,2014,500000,100000
2821,2007,75000,40000
2822,2006,225000,80000
2823,2006,275000,80000
2824,2018,620000,35000
2825,2010,600000,110000
2826,2011,275000,160000
2827,2013,125000,125000
2828,2011,80000,62000
2829,2011,199000,120000
2830,2016,440000,33000
2831,2013,250000,80000
2832,2017,700000,35000
2833,2015,450000,50000
2834,2019,240000,5000
2835,2016,350000,12000
2836,2016,650000,81595
2837,2005,71000,22000
2838,2015,400000,40000
2839,2008,130000,40000
2840,2013,300000,70000
2841,2019,1100000,4000
2842,2015,2200000,24000
2843,2018,800000,13500
2844,2013,490000,40000
2845,2018,836000,9700
2846,2012,375000,62000
2847,2016,1249000,24000
2848,2019,1240000,13000
2849,2009,35000,50000
2850,2017,1068000,36000
2851,2017,1189000,40000
2852,2018,700000,27000
2853,2016,350000,40000
2854,2009,254999,80000
2855,2005,229999,221000
2856,2016,750000,80000
2857,2012,325000,119000
2858,2009,760000,190000
2859,2017,509999,25000
2860,2013,363000,28740
2861,2010,229999,48500
2862,2012,290000,110000
2863,2018,550000,30000
2864,2011,125000,120000
2865,2014,2000000,130000
2866,2008,350000,140000
2867,2011,390000,90000
2868,2010,260000,50000
2869,2008,150000,50000
2870,2006,85000,60000
2871,2015,280000,15000
2872,2015,220000,45000
2873,2005,140000,80000
2874,2018,370000,15000
2875,2019,650000,20000
2876,2017,280000,37000
2877,2016,540000,80000
2878,2002,50000,120000
2879,2018,800000,20000
2880,2016,515000,25000
2881,2010,220000,96000
2882,2014,525000,54000
2883,2013,165000,53000
2884,2010,221000,65000
2885,2015,245000,43000
2886,2012,260000,42000
2887,2011,550000,73000
2888,2015,434999,29000
2889,2013,450000,95000
2890,2014,290000,25000
2891,2011,305000,53000
2892,2011,265000,20000
2893,2014,325000,57000
2894,2014,550000,52000
2895,2008,105000,40000
2896,2012,275000,47000
2897,2012,434999,47000
2898,2016,690000,73000
2899,2012,249000,42000
2900,2012,204999,60000
2901,2012,200000,50000
2902,2015,190000,120000
2903,2012,150000,50000
2904,1999,70000,70000
2905,2018,900000,25000
2906,2019,950000,11000
2907,2013,475000,80000
2908,1998,55000,80000
2909,2013,450000,75000
2910,2009,1200000,45000
2911,2007,300000,100000
2912,2014,350000,60000
2913,2011,229999,160000
2914,2015,821000,50000
2915,2014,200000,80000
2916,2017,1000000,60000
2917,2016,220000,60000
2918,2015,459999,148620
2919,2012,310000,70000
2920,2018,815000,42000
2921,2017,1200000,40000
2922,2011,170000,150000
2923,2017,1000000,30000
2924,2010,155000,90000
2925,2017,400000,120000
2926,2016,400000,80000
2927,2010,250000,80000
2928,2008,150000,50000
2929,2002,80000,70000
2930,2009,130000,120000
2931,2014,325000,70000
2932,2012,735000,55300
2933,2012,285000,74300
2934,2010,350000,48781
2935,2010,290000,87620
2936,2017,890000,40219
2937,2011,385000,11473
2938,2017,425000,8352
2939,2017,525000,9745
2940,2017,550000,9748
2941,2012,271000,49000
2942,2018,1490000,20694
2943,2015,490000,31080
2944,2014,260000,37605
2945,2014,455000,55850
2946,2010,75000,58850
2947,2015,421000,23839
2948,2016,550000,54000
2949,2013,330000,38000
2950,2012,390000,45454
2951,2015,599000,46957
2952,2019,738000,8000
2953,2016,300000,30000
2954,2012,150000,110000
2955,2007,440000,223000
2956,2011,280000,110000
2957,2006,100000,120000
2958,2008,150000,100000
2959,2014,380000,100000
2960,2006,90000,60000
2961,2008,300000,270000
2962,2011,275000,60000
2963,2009,180000,41090
2964,2012,225000,296823
2965,2014,200000,40000
2966,2011,500000,40000
2967,2010,300000,70000
2968,2015,765000,80000
2969,2017,650000,90000
2970,2017,380000,19000
2971,2014,480000,110000
2972,1996,200000,60000
2973,2017,380000,19000
2974,2010,145000,68000
2975,2011,280000,120000
2976,2014,254999,30000
2977,2016,300000,90000
2978,2015,480000,140000
2979,2017,850000,44500
2980,2014,350000,52000
2981,2016,650000,26000
2982,2016,650000,26000
2983,2007,550000,80000
2984,2015,300000,35000
2985,2008,150000,60000
2986,2014,300000,120000
2987,2004,80000,58000
2988,2014,200000,100000
2989,2016,220000,43700
2990,2009,68000,120000
2991,2011,180000,80000
2992,2017,290000,20000
2993,2018,300000,25000
2994,2014,600000,27483
2995,2019,470000,8000
2996,2008,150000,30000
2997,2017,400000,30000
2998,2009,110000,100000
2999,2014,180000,56207
3000,2010,250000,40000
3001,2006,80000,70000
3002,2018,875000,1440
3003,2015,425000,12000
3004,2019,300000,50000
3005,2016,700000,35000
3006,2010,130000,50000
3007,2017,1000000,60000
3008,2017,650000,67000
3009,2013,400000,100000
3010,2017,800000,60000
3011,2017,675000,70000
3012,2017,210000,50000
3013,2009,150000,120000
3014,2007,45000,100000
3015,2015,516000,90000
3016,2014,450000,80000
3017,2012,134000,90000
3018,2014,509999,157000
3019,2016,500000,20000
3020,2008,130000,80000
3021,2015,575000,60000
3022,2015,550000,49000
3023,2009,145000,89255
3024,2020,347000,5000
3025,2013,275000,110000
3026,2010,630000,200000
3027,2012,160000,90000
3028,2010,150000,63000
3029,2015,550000,23000
3030,2013,349000,100000
3031,2004,229999,168000
3032,2008,110000,90000
3033,2008,110000,70000
3034,2018,245000,5550
3035,2014,180000,100000
3036,2014,290000,80000
3037,2010,250000,40000
3038,2010,150000,100000
3039,2004,55000,35000
3040,2006,500000,75000
3041,2013,290000,150000
3042,2019,400000,16000
3043,2009,72000,70000
3044,2014,250000,115000
3045,2019,575000,25000
3046,2019,1300000,10000
3047,2019,425000,15000
3048,2019,470000,10000
3049,2012,220000,80000
3050,2020,310000,1700
3051,2016,400000,45217
3052,2012,215000,97000
3053,2018,310000,20000
3054,2017,750000,50000
3055,2009,204999,120000
3056,2010,260000,50000
3057,2012,180000,40000
3058,2007,125000,110000
3059,2014,420000,155000
3060,2011,220000,70000
3061,2010,200000,70000
3062,2009,130000,100000
3063,2016,335000,41000
3064,2017,2650000,60000
3065,2018,2675000,56000
3066,2017,2675000,60000
3067,2011,434999,97000
3068,2014,500000,60000
3069,2017,290000,60000
3070,2014,475000,48000
3071,2009,270000,190000
3072,2019,600000,80000
3073,2013,300000,70000
3074,2012,415000,80000
3075,2018,800000,30000
3076,2016,420000,44440
3077,2018,1250000,30000
3078,2011,270000,120000
3079,2015,390000,80000
3080,2012,400000,110000
3081,2007,100000,170000
3082,2010,850000,46000
3083,2012,359000,120000
3084,2015,470000,91365
3085,2013,360000,90010
3086,2013,250999,80000
3087,2012,45000,35000
3088,2006,75000,80000
3089,2013,495000,31800
3090,2013,310000,59100
3091,2016,540000,31200
3092,2016,665000,51000
3093,2013,425000,22700
3094,2011,1295000,58000
3095,2016,675000,50900
3096,2018,980000,10000
3097,2014,320000,60000
3098,2011,250000,80000
3099,2016,600000,72000
3100,2016,300000,96000
3101,2014,305000,66000
3102,2012,270000,80000
3103,2012,300000,90000
3104,2009,106000,70000
3105,2006,90000,75000
3106,2019,539000,2417
3107,2009,110000,100000
3108,2016,250000,30000
3109,2009,300000,50000
3110,2018,707000,60000
3111,2007,95000,120000
3112,2020,495000,7000
3113,2012,200000,35000
3114,2009,110000,110000
3115,2008,100000,130000
3116,2016,150000,25000
3117,2016,509999,35000
3118,2005,50000,80000
3119,2007,85000,70000
3120,2018,475000,23000
3121,2014,425000,40000
3122,2006,480000,110000
3123,2019,950000,10000
3124,2015,535000,80000
3125,2009,325000,25000
3126,2013,270000,74000
3127,2015,300000,60000
3128,2011,325000,70000
3129,2010,350000,100000
3130,2008,229999,146000
3131,2012,325000,120000
3132,2005,70000,70000
3133,2008,190000,120000
3134,2011,345000,65500
3135,2016,1025000,70000
3136,2012,120000,50000
3137,2009,114999,90000
3138,2009,300000,120000
3139,2016,340000,56000
3140,2005,90000,70000
3141,2006,150000,140300
3142,2010,115999,70000
3143,2017,425000,36000
3144,2017,550000,12997
3145,2017,500000,40000
3146,2013,300000,25000
3147,2018,1150000,26430
3148,2015,475000,24600
3149,2011,260000,28481
3150,2013,350000,100000
3151,2013,750000,41988
3152,2017,350000,7658
3153,2009,180000,30375
3154,2017,611000,34400
3155,2017,325000,18500
3156,2012,225000,48000
3157,2014,300000,28942
3158,2017,400000,50000
3159,2012,711000,53600
3160,2015,851000,53652
3161,2016,375000,23000
3162,2007,275000,10211
3163,2005,120000,120000
3164,2015,350000,120000
3165,2017,409999,35000
3166,2012,500000,130000
3167,2013,220000,90000
3168,2008,120000,80000
3169,2007,70000,55000
3170,2017,800000,15000
3171,2014,450000,260000
3172,2012,525000,145000
3173,2016,300000,35000
3174,2008,195000,56000
3175,2007,130000,98000
3176,2011,300000,135000
3177,2002,120000,60000
3178,2010,450000,120000
3179,2010,160000,102000
3180,2018,800000,35000
3181,2013,100000,80000
3182,2017,825000,13599
3183,2015,265000,32933
3184,2008,175000,54551
3185,2014,250999,57112
3186,2015,471000,41025
3187,2019,650000,5000
3188,2019,650000,5000
3189,2012,225000,53122
3190,2013,245000,64111
3191,2011,221000,78892
3192,2011,271000,74113
3193,2012,290000,80000
3194,2017,525000,39000
3195,2012,377000,84775
3196,2012,95000,20778
3197,2015,763000,64441
3198,2015,450000,43192
3199,2014,140000,44416
3200,2016,701000,79991
3201,2011,277000,62601
3202,2018,520000,50000
3203,2017,550000,100000
3204,2011,260000,97000
3205,2015,420000,100000
3206,2002,35000,100000
3207,2018,1150000,20000
3208,2017,680000,46000
3209,2012,425000,40000
3210,2014,450000,70000
3211,2008,590000,89600
3212,2017,936999,60800
3213,2015,420000,104000
3214,2014,450000,80000
3215,2004,40000,69111
3216,2014,520000,70000
3217,2007,80000,120000
3218,2014,55000,40000
3219,2001,80000,100000
3220,2019,210000,20000
3221,2015,300000,50000
3222,2017,260000,50000
3223,2016,250000,70000
3224,2008,80000,90000
3225,2010,450000,150000
3226,2005,310000,120000
3227,2012,500000,100000
3228,2016,800000,70000
3229,2016,840000,70000
3230,2016,490000,50000
3231,2010,125000,81000
3232,2012,400000,120000
3233,2015,1000000,3600
3234,2015,530000,14272
3235,2017,840000,49213
3236,2015,229999,40000
3237,1998,40000,40000
3238,2012,130000,80000
3239,2015,200000,70000
3240,2011,120000,70000
3241,2003,75000,57000
3242,2016,250000,120000
3243,2005,100000,30000
3244,2013,280000,3240
3245,2015,540000,5000
3246,2018,700000,10000
3247,2014,350000,90000
3248,2011,320000,100000
3249,2016,475000,90000
3250,2011,220000,140000
3251,2013,210000,13770
3252,2005,61000,4637
3253,2009,355000,100000
3254,2012,150000,60000
3255,2011,133000,80000
3256,2015,650000,50000
3257,2014,210000,40000
3258,2013,130000,93900
3259,2007,60000,70000
3260,2005,120000,120000
3261,2017,2900000,40000
3262,2005,100000,120000
3263,2004,79000,80000
3264,2012,120000,110000
3265,2005,125000,34000
3266,2013,425000,20000
3267,2001,70000,117000
3268,2020,619000,1500
3269,2017,415000,48965
3270,2014,265000,55000
3271,2008,70000,60000
3272,2015,281000,40000
3273,2013,211000,80000
3274,2018,550000,11000
3275,2014,350000,110000
3276,2017,420000,19890
3277,2015,270000,20969
3278,2016,399000,20194
3279,2016,440000,34982
3280,2012,250000,44588
3281,2016,650000,57904
3282,2015,270000,59258
3283,2016,390000,60826
3284,2018,1500000,50000
3285,2014,225000,35000
3286,2015,900000,110000
3287,2018,1600000,40000
3288,2019,800000,10000
3289,2013,320000,50000
3290,2016,300000,25000
3291,2018,740000,25000
3292,2019,350000,1300
3293,2014,280000,40000
3294,2018,675000,50000
3295,2011,300000,20000
3296,2011,400000,76000
3297,2010,420000,100000
3298,2008,300000,120000
3299,2010,170000,70000
3300,2014,210000,70000
3301,2015,600000,60000
3302,2014,260000,38000
3303,2015,82000,19000
3304,2016,690000,75000
3305,2015,300000,70000
3306,2017,1250000,30000
3307,2017,799000,31707
3308,2010,1000000,180000
3309,2014,190000,90000
3310,2014,250000,30000
3311,2009,200000,60000
3312,2005,300000,90000
3313,2015,250000,120000
3314,2008,90000,70000
3315,2001,68000,70000
3316,2017,500000,26500
3317,2017,900000,50000
3318,2007,100000,52000
3319,2016,700000,160000
3320,2012,1750000,115992
3321,2017,290000,110000
3322,2014,1050000,97000
3323,2008,70000,100000
3324,2016,520000,41000
3325,2012,150000,90000
3326,2008,120000,90000
3327,2016,600000,25000
3328,2010,150000,70000
3329,2011,400000,60000
3330,2015,310000,30000
3331,2015,550000,30000
3332,2016,550000,60000
3333,2013,320000,73000
3334,1992,50000,100000
3335,2018,500000,32000
3336,2018,360000,26500
3337,2017,700000,50000
3338,2012,700000,110000
3339,2017,655000,84000
3340,2017,700000,50000
3341,2011,200000,110000
3342,2012,375000,150000
3343,2012,470000,109052
3344,2015,550000,90658
3345,2014,500000,110000
3346,2015,210000,25000
3347,2018,270000,20000
3348,2010,300000,80000
3349,2007,80000,60000
3350,2013,1451000,81000
3351,2018,1085000,15000
3352,2009,245000,75000
3353,2017,700000,25552
3354,2018,300000,20000
3355,2017,350000,80000
3356,2017,635000,25000
3357,2012,325000,40700
3358,2017,1150000,65500
3359,2008,110000,42000
3360,2018,890000,8000
3361,2007,73000,80000
3362,2014,170000,77000
3363,2016,750000,6000
3364,2017,280000,28838
3365,2018,690000,11174
3366,2008,130000,120000
3367,2007,73000,80000
3368,2007,85000,85000
3369,2018,1575000,10000
3370,2013,325000,105000
3371,1998,85000,120000
3372,2018,860000,30000
3373,2017,690000,41000
3374,2013,650000,54000
3375,2014,375000,40000
3376,2013,525000,71000
3377,2016,330000,72500
3378,2013,280000,76600
3379,2014,470000,40000
3380,2011,350000,110000
3381,2012,480000,63000
3382,2016,620000,60000
3383,2014,250000,58000
3384,2010,78692,80000
3385,2012,350000,80000
3386,2013,250000,70000
3387,2011,260000,97700
3388,2016,640000,36000
3389,2008,220000,90000
3390,2015,465000,130000
3391,2010,229999,120000
3392,2018,425000,15000
3393,2008,95000,120000
3394,2012,170000,170000
3395,2016,229999,37500
3396,1999,45000,50000
3397,2007,479000,145000
3398,2016,370000,60000
3399,2016,340000,30000
3400,2016,620000,35000
3401,2012,270000,60000
3402,2018,400000,35000
3403,2015,260000,40000
3404,2003,48000,50000
3405,2015,100000,23800
3406,2015,490000,70000
3407,2010,120000,90000
3408,2008,125000,102000
3409,2013,160000,80000
3410,2019,190000,5000
3411,2019,1700000,10000
3412,2011,250000,50000
3413,2019,500000,15000
3414,2008,400000,35000
3415,2011,500000,20000
3416,2014,1800000,99000
3417,2008,320000,90000
3418,2007,250000,47000
3419,2010,105000,90000
3420,2018,550000,20000
3421,2019,600000,1100
3422,2020,210000,40000
3423,2012,210000,15000
3424,2009,150000,40000
3425,2008,125000,60000
3426,2016,380000,20000
3427,2019,600000,5000
3428,2016,490000,27000
3429,2018,545000,38000
3430,2015,250000,25000
3431,2020,1050000,1100
3432,2007,100000,100000
3433,2014,250000,100000
3434,2007,100000,110000
3435,2016,350000,60000
3436,2012,370000,70000
3437,2004,121000,110000
3438,2017,570000,44077
3439,2017,785000,24000
3440,2018,850000,30000
3441,2016,375000,30000
3442,2017,619000,40000
3443,2011,335000,90000
3444,2006,500000,50000
3445,2003,60000,100000
3446,2010,130000,50000
3447,2015,210000,210000
3448,2019,1900000,20000
3449,2013,270000,70000
3450,2010,225000,100000
3451,2011,150000,160000
3452,2013,173000,70000
3453,2018,4800000,9422
3454,2017,710000,110000
3455,2019,1500000,20000
3456,2017,550000,20000
3457,2008,58000,70000
3458,2012,1200000,60000
3459,2013,500000,150000
3460,2009,120000,83000
3461,2012,300000,250000
3462,2018,300000,30000
3463,2015,295000,21000
3464,2018,587000,80000
3465,2012,430000,50000
3466,2007,123000,50000
3467,2012,450000,48500
3468,2007,130000,60000
3469,2010,110000,90000
3470,2010,200000,240000
3471,2015,320000,70000
3472,2014,300000,50000
3473,2016,350000,110000
3474,2018,800000,50000
3475,2016,270000,175000
3476,2017,540000,60000
3477,2011,160000,60000
3478,2013,340000,100000
3479,2017,350000,40000
3480,2011,300000,100000
3481,2013,330000,63000
3482,2016,325000,80000
3483,2013,250000,55000
3484,2013,250000,55000
3485,2015,240000,60000
3486,2020,545000,5000
3487,2015,300000,48000
3488,2010,130000,80000
3489,2017,240000,50000
3490,2018,360000,15000
3491,2012,250000,70000
3492,2019,475000,105000
3493,2016,600000,50000
3494,2010,150000,80000
3495,2017,700000,50000
3496,2016,1290000,5000
3497,2004,80000,58000
3498,2015,425000,12000
3499,2018,500000,10000
3500,2012,193000,45000
3501,2015,800000,10000
3502,2008,150000,50000
3503,2002,80000,40000
3504,2010,130000,100000
3505,2012,280000,80000
3506,2011,229999,110000
3507,2008,80000,120000
3508,2010,70000,10000
3509,2013,240000,60000
3510,2010,380000,72000
3511,2013,240000,60000
3512,2006,80000,110000
3513,2013,265000,50000
3514,2018,320000,25000
3515,2014,500000,120000
3516,2016,1300000,55000
3517,2018,1500000,35000
3518,2016,1800000,110000
3519,2014,600000,80000
3520,2018,420000,80000
3521,2009,140000,120000
3522,2010,300000,100000
3523,2006,100000,60000
3524,2017,350000,25000
3525,2018,850000,19000
3526,2008,140000,54000
3527,2015,550000,17100
3528,2017,525000,19000
3529,2015,470000,146000
3530,2013,900000,98000
3531,2011,500000,224642
3532,1998,80000,120000
3533,2011,175000,175000
3534,2017,1350000,15000
3535,2017,800000,50000
3536,2017,250000,15000
3537,2018,700000,25000
3538,2019,800000,25000
3539,2013,660000,69000
3540,2015,465000,60000
3541,2006,180000,222435
3542,2017,600000,66000
3543,2010,150000,110000
3544,2014,450000,78000
3545,2019,721000,10000
3546,2018,300000,35000
3547,2019,1000000,10000
3548,2016,300000,40000
3549,2013,450000,120000
3550,1997,79000,70000
3551,2017,545000,40000
3552,2018,844999,20000
3553,2016,700000,93000
3554,2016,650000,159000
3555,2014,525000,75000
3556,2006,110000,101100
3557,2011,180000,66000
3558,2012,280000,30000
3559,2019,400000,10000
3560,2012,625000,126000
3561,2015,535000,70000
3562,2017,459999,50000
3563,2010,300000,100000
3564,2007,280000,60000
3565,2014,500000,70000
3566,2019,1200000,1200
3567,2016,300000,40000
3568,2011,180000,80000
3569,2011,180000,134444
3570,2009,78000,120000
3571,2011,160000,120000
3572,2014,600000,238000
3573,2008,110000,100000
3574,2011,450000,110000
3575,2019,1350000,35000
3576,2003,120000,165000
3577,2018,1040000,42000
3578,2014,390000,70000
3579,2011,65000,60000
3580,2013,320000,115000
3581,2017,720000,70000
3582,2007,220000,80000
3583,2011,225000,65000
3584,2010,200000,150000
3585,2015,434999,75000
3586,2012,300000,63700
3587,2018,700000,74800
3588,2009,500000,105000
3589,2016,500000,40000
3590,2016,400000,90000
3591,2015,825000,75000
3592,2018,720000,15000
3593,2009,110000,30000
3594,2014,600000,100000
3595,2009,275000,155000
3596,2012,2349000,149000
3597,2017,740000,60000
3598,2017,800000,90000
3599,2019,1100000,100000
3600,2012,750000,100000
3601,2012,200000,90000
3602,2009,210000,75000
3603,2009,270000,120000
3604,2016,630000,90000
3605,2015,375000,55000
3606,2010,300000,70000
3607,2016,580000,95000
3608,2014,550000,50000
3609,2016,750000,50000
3610,2014,250000,60516
3611,2012,434999,235000
3612,2007,900000,76731
3613,2016,685000,64000
3614,2014,540000,65000
3615,2018,1165000,13000
3616,2014,610000,77000
3617,2011,254999,24000
3618,2014,280000,63840
3619,2017,370000,25000
3620,2011,459999,76400
3621,1998,42000,70000
3622,1998,42000,70000
3623,2011,190000,80000
3624,2010,165000,100000
3625,2017,710000,40000
3626,2018,1200000,15000
3627,2011,229999,70000
3628,2018,310000,15000
3629,2015,320000,40000
3630,2006,100000,54000
3631,2009,160000,90000
3632,2007,60000,52000
3633,2012,100000,200000
3634,2016,350000,35000
3635,2017,700000,60000
3636,2017,300000,31489
3637,2018,830000,40000
3638,2013,220000,110000
3639,2009,130000,50000
3640,2012,330000,44000
3641,2010,254999,90000
3642,2014,600000,50000
3643,2012,210000,50000
3644,2007,120000,81366
3645,2006,95000,110000
3646,2006,229999,300000
3647,2010,229999,70000
3648,2013,400000,100000
3649,2005,300000,70000
3650,2013,300000,50000
3651,2009,80000,180000
3652,2008,80000,50000
3653,2007,100000,90000
3654,2012,300000,110000
3655,2018,700000,26000
3656,2016,975000,65000
3657,2009,500000,130000
3658,2013,550000,75000
3659,2014,550000,110000
3660,2014,240000,50000
3661,1997,50000,80000
3662,2009,120000,80000
3663,2013,900000,60000
3664,2009,250000,90000
3665,2017,280000,36000
3666,2010,85000,87000
3667,2011,90000,80000
3668,2015,500000,50000
3669,2013,200000,60000
3670,2015,250000,50000
3671,2014,185000,40000
3672,2008,100000,60000
3673,2015,610000,55000
3674,2012,290000,80000
3675,2012,300000,295000
3676,2015,225000,80000
3677,2017,320000,50000
3678,2012,135000,158000
3679,2006,400000,400000
3680,2016,400000,25000
3681,2017,570000,35000
3682,2018,500000,12000
3683,2015,130000,70000
3684,2018,360000,4000
3685,2017,530000,10832
3686,2009,250000,50000
3687,2016,600000,19495
3688,2013,570000,62668
3689,2013,850000,85710
3690,2011,250000,55130
3691,2014,580000,63356
3692,2012,1680000,129627
3693,2010,180000,15000
3694,2017,300000,50000
3695,2012,269000,70000
3696,2018,231999,20000
3697,2011,150000,60000
3698,2017,495000,5000
3699,2014,700000,15000
3700,2018,400000,4400
3701,2019,599000,15000
3702,2013,421000,45000
3703,2018,841000,1000
3704,2014,295000,38500
3705,2011,220000,25000
3706,2013,250000,35000
3707,2009,1100000,110000
3708,2012,300000,40000
3709,2007,80000,110000
3710,2013,215000,20000
3711,2012,245000,14987
3712,2016,650000,25061
3713,2017,760000,42494
3714,2014,395000,44875
3715,2014,280000,89741
3716,2016,495000,65000
3717,2016,525000,35000
3718,2009,420000,347089
3719,2010,210000,34500
3720,2018,650000,30000
3721,2018,2300000,39000
3722,2019,525000,16000
3723,2010,195000,80000
3724,2016,650000,60000
3725,2015,540000,110000
3726,2014,180000,61000
3727,2017,750000,29000
3728,2018,980000,50000
3729,2014,250000,90000
3730,2018,550000,35000
3731,2015,509999,43000
3732,2017,320000,50000
3733,2016,275000,25000
3734,2013,550000,222252
3735,2009,145000,50000
3736,2013,250000,80000
3737,2012,520000,35000
3738,2007,95000,85000
3739,2011,725000,110000
3740,2006,55000,70000
3741,2014,600000,100000
3742,2013,330000,120000
3743,2015,470000,89000
3744,2013,365000,120000
3745,2013,250000,40000
3746,2017,430000,17000
3747,2013,400000,125000
3748,2015,615000,110000
3749,2011,150000,120000
3750,2014,240000,90000
3751,2014,800000,90000
3752,2015,240000,110000
3753,2014,600000,87000
3754,2014,800000,15000
3755,2015,160000,70000
3756,2012,350000,38000
3757,2011,300000,64000
3758,2015,399000,55250
3759,2011,300000,110000
3760,2012,150000,70000
3761,2010,320000,60000
3762,2018,1280000,17000
3763,2017,300000,13000
3764,2016,1000000,60000
3765,2012,1090000,120000
3766,2012,450000,97000
3767,2007,60000,130000
3768,2013,500000,50000
3769,2012,200000,120000
3770,2015,650000,68000
3771,2006,60000,100000
3772,2013,250999,80000
3773,2012,185000,67000
3774,2015,155000,60000
3775,2019,600000,5000
3776,2016,300000,20000
3777,2018,850000,12500
3778,2019,470000,4000
3779,2019,600000,25000
3780,2013,700000,70000
3781,2007,70000,162000
3782,2010,1250000,205000
3783,2008,650000,70000
3784,2018,450000,70000
3785,2014,750000,100000
3786,2013,775000,70000
3787,2011,800000,220000
3788,2015,360000,80000
3789,2010,250000,120000
3790,2017,1490000,22038
3791,2013,600000,80000
3792,2010,120000,90000
3793,2012,320000,140000
3794,2011,400000,120000
3795,2015,302000,60000
3796,2011,130000,80000
3797,2014,150000,60000
3798,2012,200000,90000
3799,2012,950000,80000
3800,2008,120000,175000
3801,2019,1400000,10000
3802,2017,620000,65000
3803,2012,449000,90000
3804,2007,100000,70000
3805,2018,600000,2500
3806,2016,700000,35000
3807,2012,250000,40000
3808,2018,550000,63000
3809,2013,675000,88000
3810,2015,530000,55000
3811,2014,325000,71014
3812,2015,370000,60000
3813,2014,360000,70000
3814,2012,650000,60000
3815,2012,199000,92000
3816,2014,285000,89126
3817,2009,260000,134000
3818,2019,869999,15000
3819,2016,425000,42500
3820,2012,490000,42000
3821,2015,750000,70000
3822,2004,125000,110000
3823,2014,221000,131365
3824,2016,724000,48980
3825,2014,440000,46000
3826,2009,70000,60000
3827,2015,511000,58000
3828,2016,790000,22000
3829,2017,640000,37000
3830,2009,120000,70000
3831,2012,126000,98900
3832,2012,120000,125000
3833,2017,650000,60000
3834,2014,450000,80000
3835,2010,110000,80000
3836,2017,600000,40000
3837,2012,620000,80000
3838,2014,600000,30000
3839,2018,795000,35000
3840,2011,300000,180000
3841,2015,495000,60000
3842,2013,1580000,86000
3843,2015,1750000,127643
3844,2018,1350000,34000
3845,2014,350000,145000
3846,2018,300000,25000
3847,2018,400000,54000
3848,2014,1750000,102354
3849,1999,70000,70000
3850,2018,500000,70000
3851,2017,2575000,36000
3852,2014,345000,58000
3853,2013,220000,100000
3854,2014,1850000,62237
3855,2005,114999,90000
3856,1999,50000,100000
3857,2017,585000,14000
3858,2018,950000,21394
3859,2018,625000,13800
3860,2017,1035000,23000
3861,2015,310000,32686
3862,2017,600000,99700
3863,2019,3100000,5000
3864,2014,650000,49654
3865,2016,550000,45457
3866,2017,1260000,39221
3867,2016,660000,48220
3868,2017,700000,11114
3869,2008,235000,60208
3870,2013,475000,80000
3871,2008,795000,98600
3872,2016,8900000,13000
3873,2015,3200000,30000
3874,2019,1860000,18000
3875,2010,4200000,100000
3876,2015,850000,58000
3877,2017,585000,85441
3878,2015,380000,64541
3879,2019,650000,35000
3880,2018,600000,30000
3881,2017,434999,16267
3882,2013,525000,71500
3883,2019,4800000,12999
3884,2008,160000,80000
3885,2007,160000,90000
3886,2012,125000,28000
3887,2015,430000,200000
3888,2017,900000,14700
3889,2000,61000,90000
3890,2017,400000,50000
3891,2009,150000,100000
3892,2019,950000,24000
3893,2013,220000,100000
3894,2007,110000,90000
3895,2015,375000,30000
3896,2017,350000,80000
3897,2012,310000,92686
3898,2010,90000,300000
3899,2011,350000,90000
3900,2003,100000,60000
3901,2017,1300000,40000
3902,2004,70000,90000
3903,2013,225000,80000
3904,2002,145000,100000
3905,2018,930000,20000
3906,2019,550000,51000
3907,2008,85000,120000
3908,2014,280000,55000
3909,2018,360000,6000
3910,2011,150000,40000
3911,2017,900000,15000
3912,2005,120000,50000
3913,2010,215000,90000
3914,2013,550000,38500
3915,2018,775000,35000
3916,2001,409999,49359
3917,2005,65000,70000
3918,2008,200000,90000
3919,2010,240000,50000
3920,2012,800000,108731
3921,2010,400000,120000
3922,2016,500000,60000
3923,2007,150000,90000
3924,2014,500000,140000
3925,2014,320000,80000
3926,2013,300000,90000
3927,2017,650000,40000
3928,2018,285000,14000
3929,2012,360000,70000
3930,2009,450000,55000
3931,2011,175000,60000
3932,2011,350000,74000
3933,2020,530000,45000
3934,2017,1025000,38000
3935,2017,950000,24000
3936,2017,725000,29976
3937,2017,919999,41000
3938,2018,700000,15000
3939,2017,725000,36000
3940,2017,840000,30646
3941,2015,365000,23600
3942,2014,665000,71318
3943,2003,50000,78098
3944,2014,225000,30000
3945,2012,229999,45000
3946,2008,145000,67000
3947,2018,624000,14681
3948,2015,500000,25000
3949,2017,750000,18054
3950,2015,785000,40000
3951,2011,225000,30000
3952,2017,300000,80000
3953,2016,680000,20000
3954,2016,700000,40000
3955,2011,180000,120000
3956,2008,270000,120000
3957,2010,370000,97000
3958,2018,1100000,70000
3959,2004,120000,120000
3960,2013,430000,88000
3961,2014,550000,38406
3962,2014,320000,54350
3963,2015,390000,32260
3964,2014,550000,58231
3965,2012,370000,59858
3966,2010,190000,73350
3967,2013,509999,88473
3968,2013,450000,96987
3969,2016,5500000,77350
3970,2015,550000,61187
3971,2009,400000,68350
3972,2015,585000,81150
3973,2019,500000,30000
3974,2015,800000,30000
3975,2009,265000,120000
3976,2012,175000,180000
3977,2007,125000,50000
3978,2010,165000,80000
3979,2011,150000,280000
3980,2015,1025000,90000
3981,2014,1030000,250000
3982,2012,380000,90000
3983,2010,250000,110000
3984,2000,85000,80000
3985,2016,500000,35000
3986,2018,350000,15000
3987,2010,190000,52000
3988,2009,940000,140000
3989,2013,475000,60000
3990,2018,300000,17000
3991,2016,250000,70000
3992,2001,93000,97000
3993,2012,290000,125000
3994,2010,75000,300000
3995,2015,1000000,120000
3996,2015,550000,87000
3997,2010,285000,75000
3998,2014,240000,60000
3999,2015,850000,25000
4000,2016,650000,26000
4001,2017,365000,78000
4002,2016,650000,26000
4003,2015,260000,35000
4004,2014,250000,100000
4005,2007,550000,80000
4006,2004,70000,90000
4007,2013,225000,80000
4008,2002,145000,100000
4009,2018,930000,20000
4010,2019,550000,51000
4011,2008,85000,120000
4012,2014,280000,55000
4013,2018,360000,6000
4014,2011,150000,40000
4015,2017,900000,15000
4016,2005,120000,50000
4017,2010,215000,90000
4018,2013,550000,38500
4019,2018,775000,35000
4020,2001,409999,49359
4021,2005,65000,70000
4022,2008,200000,90000
4023,2010,240000,50000
4024,2012,800000,108731
4025,2010,400000,120000
4026,2012,229999,40000
4027,2014,580000,120000
4028,2005,175000,100000
4029,2012,250000,110000
4030,2014,320000,80000
4031,2013,300000,90000
4032,2017,800000,60000
4033,2009,245000,75000
4034,2018,300000,20000
4035,2017,350000,80000
4036,2006,70000,105700
4037,2017,430999,14000
4038,2010,80000,70000
4039,2019,335000,28000
4040,2017,350000,51000
4041,2018,315000,56000
4042,2019,1100000,35000
4043,2005,80000,24000
4044,2014,285000,64000
4045,2009,100000,120000
4046,2011,225000,37091
4047,2017,4500000,80000
4048,2018,320000,38900
4049,2016,1249000,60000
4050,2008,120000,110000
4051,2011,200000,100000
4052,2016,1151000,85000
4053,2012,120000,140000
4054,2017,220000,20000
4055,2017,750000,15000
4056,2018,784000,40000
4057,2017,500000,50000
4058,2018,350000,20000
4059,2018,1400000,50000
4060,2014,600000,100000
4061,2019,525000,9400
4062,2017,930000,12000
4063,2017,440000,14100
4064,2016,434999,21000
4065,2011,250000,28000
4066,2017,940000,35000
4067,2017,1050000,31000
4068,2016,825000,58000
4069,2012,229999,25000
4070,2011,375000,72000
4071,2013,640000,89000
4072,2012,800000,160000
4073,2012,130000,30000
4074,2014,300000,37555
4075,2018,440000,14000
4076,2014,595000,56600
4077,2013,450000,110000
4078,2017,690000,50000
4079,2019,300000,5000
4080,2014,170000,100000
4081,2012,280000,120000
4082,2009,220000,67580
4083,2009,140000,100000
4084,2004,45000,60000
4085,2014,200000,125000
4086,2008,325000,120000
4087,2010,300000,130000
4088,2009,120000,250000
4089,2016,535000,52600
4090,2014,520000,82000
4091,2017,550000,19890
4092,2015,280000,40000
4093,2013,225000,78000
4094,2015,750000,48238
4095,2016,535000,38365
4096,2016,1250000,23670
4097,2017,650000,49834
4098,2013,295000,57353
4099,2015,480000,68308
4100,2015,575000,63240
4101,2016,509999,60000
4102,2008,69000,100000
4103,2013,200000,60000
4104,2012,449000,90000
4105,2020,426000,1000
4106,2017,650000,6000
4107,2017,260000,50000
4108,2015,295000,90000
4109,2017,260000,30000
4110,2012,120000,140000
4111,2007,155000,65000
4112,2015,450000,38000
4113,2012,320000,80000
4114,2007,123000,50000
4115,2006,80000,110000
4116,2012,220000,90000
4117,2018,650000,37000
4118,2018,285000,30000
4119,2018,725000,26000
4120,2010,97000,128000
4121,2016,625000,30000
4122,2016,550000,23000
4123,2012,130000,120000
4124,2012,240000,40000
4125,2014,600000,27000
4126,2012,350000,65000
4127,2015,245000,32000
4128,2009,199000,52536
4129,2011,330000,100000
4130,2009,150000,80000
4131,2016,927999,90000
4132,2003,70000,60000
4133,2015,399000,55000
4134,2015,350000,90000
4135,2006,125000,50000
4136,2008,150000,90000
4137,2015,250000,25000
4138,2014,675000,61000
4139,2018,950000,30000
4140,2018,409999,45000
4141,2011,225000,60000
4142,2008,350000,75000
4143,2005,51111,140000
4144,2013,290000,56000
4145,2006,310000,62000
4146,2007,212000,58000
4147,2013,900000,49000
4148,2011,221000,56000
4149,2013,675000,73000
4150,2014,421000,69000
4151,2008,350000,10000
4152,2010,140000,110000
4153,2002,90000,116000
4154,2018,830000,40000
4155,2009,180000,30000
4156,2009,210000,109000
4157,2017,700000,90000
4158,2014,45000,7000
4159,2012,125000,120000
4160,2017,530000,64916
4161,2018,800000,37161
4162,2016,580000,15000
4163,2012,1400000,118000
4164,2018,300000,50852
4165,2016,300000,30000
4166,2015,700000,77000
4167,2012,250000,70000
4168,2016,500000,120000
4169,2009,428000,40000
4170,2019,1400000,33000
4171,2013,219000,53500
4172,2017,500000,40000
4173,2014,520000,82000
4174,2016,509999,60000
4175,2019,556000,24000
4176,2014,225000,120000
4177,2013,325000,65000
4178,2013,365000,65000
4179,2015,850000,84000
4180,2013,350000,75000
4181,2007,225000,50000
4182,2011,135000,50000
4183,2007,140000,49000
4184,2016,665000,560000
4185,2015,275000,14365
4186,2017,2750000,41000
4187,2013,484999,65000
4188,2015,565000,65000
4189,2013,425000,61083
4190,2013,925000,75000
4191,2012,565000,72000
4192,2014,525000,65000
4193,2010,409999,60000
4194,2018,570000,5000
4195,2007,160000,80000
4196,2017,749000,51500
4197,2010,300000,120000
4198,2014,550000,79800
4199,2015,550000,97000
4200,2019,1250000,6590
4201,2017,700000,49957
4202,2017,600000,43235
4203,2018,925000,50699
4204,2016,1800000,126000
4205,2015,459999,140730
4206,2015,565000,46000
4207,2013,170000,80000
4208,2001,150000,256000
4209,2008,295000,120000
4210,2018,819999,40000
4211,2019,819999,40000
4212,2015,320000,40000
4213,2015,550000,135000
4214,2015,550000,50000
4215,2017,590000,98000
4216,2014,1050000,70000
4217,2017,950000,50000
4218,2017,1000000,30000
4219,2013,500000,120000
4220,2017,450000,70000
4221,2017,720000,35000
4222,2015,390000,70000
4223,2014,500000,35000
4224,2016,2500000,70000
4225,2017,780000,50000
4226,2015,484999,90000
4227,2012,420000,90000
4228,2015,1225000,70000
4229,2015,350000,50000
4230,2015,350000,120000
4231,2011,800000,230000
4232,2004,125000,70000
4233,2010,75000,100000
4234,2018,509999,15000
4235,2014,215000,80000
4236,2018,465000,25000
4237,2017,625000,52000
4238,2017,490000,66000
4239,2017,880000,64000
4240,2013,290000,49000
4241,2006,115999,100000
4242,2017,685000,72000
4243,2009,300000,50000
4244,2017,680000,44000
4245,2014,480000,101000
4246,2016,630000,55000
4247,2007,190000,115000
4248,2015,500000,100000
4249,2014,850000,52000
4250,2011,350000,105000
4251,2013,425000,170000
4252,2015,495000,105000
4253,2017,890000,60000
4254,2018,1100000,25000
4255,2014,650000,218000
4256,2018,465000,25000
4257,2017,625000,52000
4258,2017,490000,66000
4259,2017,880000,64000
4260,2013,290000,49000
4261,2006,115999,100000
4262,2017,685000,72000
4263,2009,300000,50000
4264,2017,680000,44000
4265,2014,480000,101000
4266,2016,630000,55000
4267,2007,190000,115000
4268,2015,500000,100000
4269,2014,850000,52000
4270,2011,350000,105000
4271,2013,425000,170000
4272,2015,495000,105000
4273,2017,890000,60000
4274,2018,1100000,25000
4275,2014,650000,218000
4276,2009,233000,58000
4277,2015,300000,110000
4278,2020,614000,1000
4279,2010,250000,100000
4280,2010,250000,110000
4281,2011,200000,40000
4282,2013,290000,52000
4283,2013,320000,80000
4284,2006,145000,52000
4285,2005,100000,124000
4286,2010,130000,210000
4287,2006,145000,66000
4288,2008,110000,120000
4289,2019,680000,40000
4290,2004,37500,90000
4291,2011,200000,120000
4292,2012,300000,110000
4293,2005,80000,56580
4294,2015,740000,45000
4295,2015,630000,50000
4296,2005,70000,68500
4297,2019,484999,5007
4298,2013,164000,30000
4299,2008,140000,70000
4300,2011,999000,49600
4301,2005,56000,23000
4302,2006,1050000,30000
4303,2010,190000,38000
4304,2018,3899000,22000
4305,2011,150000,40000
4306,2011,235000,43100
4307,2019,599000,15000
4308,2018,200000,35000
4309,2017,350000,10171
4310,2015,465000,41123
4311,2017,1900000,20118
4312,2019,1000000,15000
4313,2019,2800000,10000
4314,2015,470000,170000
4315,2017,415000,20000
4316,2014,500000,82000
4317,2013,150000,60000
4318,2005,95000,50000
4319,2012,400000,70000
4320,2008,114999,66782
4321,2006,75000,130000
4322,2013,500000,120000
4323,2014,195000,75000
4324,2015,155000,40000
4325,2000,65000,90000
4326,2005,65000,150000
4327,2015,190000,60000
4328,2012,200000,112198
4329,2010,160000,60000
4330,2010,150000,130000
4331,2015,530000,175000
4332,2015,750000,120000
4333,2012,225000,90000
4334,2012,600000,170000
4335,2014,409999,80000
4336,2014,409999,80000
4337,2009,110000,83000
4338,2016,865000,90000
4339,2016,225000,40000
